mean_mfcc1,mean_mfcc2,mean_mfcc3,std_mfcc1,std_mfcc2,std_mfcc3,mean_delta_mfcc1,mean_delta_mfcc2,mean_delta_mfcc3,mean_delta2_mfcc1,mean_delta2_mfcc2,mean_delta2_mfcc3,std_delta_mfcc1,std_delta_mfcc2,std_delta_mfcc3,std_delta2_mfcc1,std_delta2_mfcc2,std_delta2_mfcc3,avg_peak_to_peak_1st_MFCC,RMS_1st_MFCC,Spectral_Centroid_1st_MFCC,Range_Val_1st_MFCC,Max_Val_1st_MFCC,Min_Val_1st_MFCC,avg_peak_to_peak_2nd_MFCC,RMS_2nd_MFCC,Spectral_Centroid_2nd_MFCC,Range_Val_2nd_MFCC,Max_Val_2nd_MFCC,Min_Val_2nd_MFCC,Max_Delta_Change_1st_MFCC,Max_Delta_Change_2nd_MFCC,Sum_Abs_Diff_Moving_Avg_1st_MFCC,Sum_Abs_Diff_Moving_Avg_2nd_MFCC,KMeans_Cluster,DBSCAN_Cluster,Agglomerative_Cluster
-237.71866170242603,158.86237878021274,1.7551886788790043,82.45983995181794,35.9226368616002,23.35964729321956,0.0004453905210367,-0.0005353074828544,0.0003322849735557,0.0002836765650122,-0.0003482481442512,0.0002141601665131,5.466544729806904,3.3332713209272846,1.817850852927438,3.067556807242921,2.00518288398508,1.07406638084447,86.24536833538461,251.61436232153343,2.5553330455277237e-17,461.200687,-45.292313,-506.493,53.13641067384614,162.87323669282867,-4.55436663608335e-18,234.517009,220.48361,-14.033399,7.175833460128979,5.046251905373242,26.925689548373427,15.159802627388,3,-1,5
-235.8437244865099,147.083847112642,-8.683155704544196,97.00935922427574,31.501939900374555,21.783388118168,0.0001680809224553,1.017966915830408e-05,0.000156886423195,2.3599337957908985e-05,-0.000112971172788,-1.856742887456288e-05,4.42374409396118,2.31592060699874,1.6759533872043488,2.019746749539676,1.2407733914393813,0.8296725981244268,58.07177710749186,255.01583903117347,6.614887652483199e-18,523.550974,-65.715126,-589.2661,34.72722705957655,150.41951435549132,9.547407001773592e-18,232.734084,230.22067,-2.513414,4.393560785025463,3.2255372317412503,23.077098606787292,11.365788479579216,3,-1,5
-150.18066295874812,126.28624116837452,-45.66007227126532,108.30337039073132,35.745359870220256,28.293078085749137,2.498644543859724e-06,3.573866233034438e-06,3.690891451905253e-06,-1.3216793988290934e-06,-1.8454944935450487e-06,-1.7778146858575691e-06,17.487113841341678,5.170520847078764,4.811382210137162,9.32052589143732,2.915036065029538,2.4695870574821965,227.002575453854,185.15898996462752,4.151886323678346e-18,549.55663,60.60338,-488.95325,77.3346367933497,131.24764935300135,0.0,293.509845,218.80273,-74.707115,20.66625295773436,7.64208248959694,61.0939410687696,21.31410264147825,4,-1,3
-250.22952076105963,91.38764727546018,-51.73082091670024,98.55777794233244,32.53701079606688,25.438076815070687,8.689743106306445e-16,-3.214014573565397e-16,1.7781238034308566e-16,-3.542483887044361e-15,1.2854430827391297e-15,-7.119470071738975e-16,7.630486144662972,4.287507822624506,2.7484783878151977,5.091499274287462,2.838113250155547,1.6430663509729186,114.2249399355346,268.9394888320413,-1.3366541802819089e-17,512.499055,-109.973145,-622.4722,70.2813015391195,97.00700565468094,-3.0321553889321953e-18,202.410897,201.9951,-0.415797,11.846660986231088,7.742953803997854,36.10198959895085,20.10461775888537,1,-1,4
-254.27760420761143,204.5799740739894,-47.36758184884564,40.442019138877,16.82140755601966,21.12245717762614,-0.0023664470399814,-0.0025412273959425,-0.0002717937782825,-0.0037821169345536,-0.0030015523828757,3.544977887709414e-05,5.716418490108979,2.440771185931095,2.9644350128572907,2.725376525542271,1.4126123035397409,1.414184480035019,87.80950914772728,257.4736043045811,-1.1681856050427977e-06,438.60751,-134.45279,-573.0603,41.12025809801136,205.27037181307944,-1.001033015902035e-06,248.8786569,249.42326,0.5446031,7.528838644324529,4.526520018081984,26.15924857875604,10.825018483477754,5,-1,0
-186.38540886796983,125.59658245832252,-28.13823877959575,71.22581447209622,27.767527255415978,18.53593885460245,7.779164956222507e-05,0.0001150436863818,0.00012738924985,-3.1944550985337985e-06,5.2869055636106056e-08,1.1390061573803444e-05,7.386319389168237,3.4315918990916225,2.238517247616564,3.773040599839131,1.7938021299291929,1.2919032556733283,110.99002533649288,199.53104341453675,3.2985764382862333e-18,523.762346,-14.797104,-538.55945,56.71095966606634,128.6294565606591,-6.494874468373018e-18,224.69108,206.12135,-18.56973,9.28680093523226,5.364726858256229,36.10299933473206,17.53759227103085,3,-1,2
-274.45199584143006,166.65253411051927,-64.70450817098877,77.58343151905918,31.06977465166463,25.55274060326485,9.479715678164758e-16,-5.738556982434185e-16,2.2906670827672373e-16,-3.4890069774934367e-15,2.3155354840550647e-15,-9.051454066345495e-16,8.5364474610305,2.7502020997392758,2.838130976796564,4.031910640830656,1.374445088231529,1.3806105703581295,136.2159708358459,285.207094700705,4.903993548321132e-18,525.50714,-110.60651,-636.11365,46.21360246063652,169.52403376029903,1.0815817426817334e-17,240.3313,240.3313,0.0,9.64795331797646,4.285441975291427,34.67743152892632,13.185524423077135,2,-1,2
-144.20637682320756,125.3911701635346,-26.56589258933822,104.47733191530584,38.74995489706746,23.13846746442851,-0.0001300957719215,-0.0001838560868695,-0.0001834738864075,-8.957517947488772e-05,-0.0001264885819158,-0.0001259155935998,11.6770797476744,5.159603765255708,3.0670328409864083,5.356924474410379,2.240694458168339,1.5546148666328488,167.03181506494775,178.0758040852769,-7.37165955313184e-06,559.0067429999999,27.711243,-531.2955,79.43763983847185,131.24215999253158,-3.619234357805468e-06,314.062405,224.69936,-89.363045,11.579303095680526,5.991116662709246,48.18999210107636,24.333536312651933,4,-1,4
-262.47935604708937,196.66309364508712,-67.14680301749611,50.71987748925449,24.56593192754353,34.38741145940916,-0.0064902276603624,-0.0034753582560876,0.0021179397355088,-0.001255778803452,-0.0011638751900031,0.0002414499450077,2.8217260971320246,1.7218555523917467,1.9372064957833863,1.4380862728109003,0.9301193276200168,1.035394509193175,44.91614957730812,267.33484307777707,-1.421936244614418e-06,367.65652,-166.70871,-534.36523,30.25602262402669,198.1914665507196,-5.144105464368295e-06,201.695125,254.29964,52.604515,4.390026913607712,3.3522469637374863,19.473646030474605,11.871933329054874,0,-1,0
-190.55742535587584,192.93360966162533,-15.213036162732072,52.64216519512984,31.00004872339608,22.203714195862705,0.0002631318058641,0.000359595278001,0.0003253446247956,0.0001704794074854,0.0002316116839149,0.0002058733794082,4.373525315872032,2.543341368860589,2.586614018247361,2.3780830479121184,1.3760920645082817,1.4875766453718609,67.66298944959678,197.69504271653227,-1.1096913650868254e-06,443.65091,-72.48359,-516.1345,42.29989668927371,195.40824127430588,-3.667995457581692e-06,268.27350275952,268.27307,-0.00043275952,6.587648230699456,4.310432994272628,24.621696612852247,15.8343781174993,0,-1,0
-273.7871635624444,201.35646696973063,-62.71363430209122,45.7372062569047,18.16256574135871,24.34643618132681,-0.0127382387985422,-0.0050909351098977,0.0038549169617162,-0.0034991253511063,-0.003733977361411,0.0007245065815541,3.986807248758558,1.934609708659052,2.162654650657561,1.6255039819575403,0.9728406066921448,1.023163753522004,62.80105137404581,277.581164648748,-4.321270865391246e-06,438.0094700000001,-144.36943,-582.3789,32.75920829770993,202.173948828333,-2.110509622708792e-06,251.2797385,255.57121,4.2914715,4.628070436412146,3.183586894295515,29.30151622279888,12.083816078877843,5,-1,0
-249.0004717099916,166.89116196946824,-64.62792756603706,74.47247703214622,29.63727134437888,25.268936180195485,8.654581544998478e-16,-5.743205767912593e-16,2.2352365938828793e-16,-3.3112922175038984e-15,2.3274102737107004e-15,-9.046593122906986e-16,8.548060534495058,2.7531971955500487,2.853773431820461,4.040323834071469,1.3765624129259766,1.391115654976646,135.93269619663866,259.8987971251538,4.003298526452617e-18,523.7018899999999,-84.56001,-608.2619,47.20448357815126,169.50229436871828,-3.271438581599266e-17,236.30643,236.30643,0.0,9.72065954693535,4.285366133781136,34.698014550713694,13.17068621940879,2,-1,2
-299.2428211585138,168.27462727572114,-62.39687787967242,46.81533550887978,29.333667002017396,31.513677888478934,0.0012447268912065,0.0013322165179357,-0.0001221149180751,-0.0039014339025534,-0.0022748090992847,0.0003325928126568,5.291480465638032,3.5462926546256472,3.1716722423184307,2.732697925725692,1.763001309667894,1.7519874979015548,82.74676695024077,302.88271930520443,-2.4541428987988523e-18,418.82952000000006,-181.93658,-600.7661,55.32580206752809,170.81221913132595,1.738128355721094e-18,273.22908959999995,272.21725,-1.0118396,7.071798130981022,4.99766918382037,24.535541491494254,17.788206949458004,2,-1,0
-192.36825298963183,111.9111973665588,-9.713345551362853,113.37725733373844,42.15041816450835,31.795642892206363,-0.0006443874797936,-0.0007050606534904,-0.0001954711424716,-0.0003607024959392,-0.0003689716471702,-9.613986207633416e-05,14.5327057968487,5.923684948257971,4.7903678577590405,8.511101725332328,3.3723529688236518,2.64286763680293,214.7729291686332,223.2934106479717,3.205175202615012e-18,526.116562,29.350542,-496.76602,90.3848435605291,119.58584300601724,-5.537520617352394e-18,314.39065,205.90707,-108.48358,18.81750799747539,8.206608726813638,54.58367104191076,24.50353412228429,4,-1,3
-179.18079559943556,139.63015580015764,-17.536616011085115,63.096498396828366,31.398633522024088,22.45312460342124,6.234107002252802e-16,-4.862603461757187e-16,5.247040060229442e-17,-2.478888747662456e-15,1.913844874245768e-15,-2.491434888004489e-16,9.35102987345004,5.172461991838391,3.3345365795295443,4.823209996927091,2.8135110527019034,1.811283163045778,140.00541138235295,189.96559062521732,-9.528783108686698e-18,505.4091712,-2.3464088,-507.75558,77.18653367234415,143.11692630792024,-4.51176830695637e-18,206.419,206.419,0.0,12.05966038774018,7.371269689593192,35.48180658283427,19.69019256520364,1,-1,4
-321.7890586724449,176.8662992620874,-24.181390978098023,43.92471372480441,26.79166773348973,26.74831056901374,0.0021809408330334,0.001970744522691,0.0004908705706031,-0.0003319377008013,-0.0006854073836936,-0.0006942505583621,4.618413250003595,2.748292362886329,3.1724647885625186,2.433876101806855,1.4309337293576505,1.5896656327708405,74.24861611713665,324.7731188954902,4.12007825529293e-18,377.03801,-200.07704,-577.11505,47.086045472039046,178.88398831255964,0.0,237.24057,237.24057,0.0,6.114872949801373,4.389820016469484,20.943434493261105,15.621975162702448,0,-1,0
-224.38594550471737,154.50863481401186,-19.56646509368333,64.35422009356951,29.61307760485163,21.662101784053156,-2.008137123852629e-05,-2.724012217914742e-05,-2.383764750487783e-05,-4.223544893543202e-05,-5.8414859701888895e-05,-5.454958866895225e-05,7.045820998486498,3.21435450954108,2.367379859009456,4.243095601382199,1.743619387886369,1.4400967763646757,115.57130961027568,233.4320418963463,-4.10707916109457e-06,488.70374,-54.07,-542.77374,51.74600761323308,157.32085874835747,-4.919461649966655e-06,219.79504,219.79504,0.0,10.766448763338069,5.150702075559823,35.13268810654755,16.71408334818272,3,-1,4
-235.69269012113867,129.0484230487255,2.7272091072786884,87.2545980875898,29.621248201066734,16.90346473479904,0.0015845948487216,-0.0020052834082811,0.0013779219042859,-0.0013197347721677,0.0016515493504282,-0.0011076464665274,5.543473020801217,3.123096275521364,1.6548668174110288,2.7304896484911225,1.5906712156254337,0.9425876979132224,86.75745373766233,251.3253052598682,4.186156299220481e-18,531.7779929999999,-34.272007,-566.05,50.51920731542857,132.40435731633622,-3.849120229321104e-18,303.098896,198.5284,-104.570496,7.020675397334948,4.541289366243367,25.11459107676732,14.703608260745822,3,-1,5
-195.49735555534957,118.35905310422837,6.240523838211472,70.27071199755649,26.277844595411278,15.60862878875312,0.0001662244519583,-0.0001990749060243,0.0001036772516086,0.0001085216655568,-0.0001303576147542,6.905545365320777e-05,4.679908176319181,2.1007678959218112,1.9666690645322975,2.024955095783461,1.0507375328097592,0.8852864355944418,68.63545730819672,207.74308410577305,8.072712391800479e-18,439.767533,-36.076427,-475.84396,35.957784416393444,121.24104324984232,0.0,216.988572,212.05817,-4.930402,5.00741719195114,3.23913942065656,21.569784719762247,12.441541116539208,3,-1,5
-242.6089265859653,132.61016861271048,-45.97495102422271,74.34597922725985,31.53297927372786,26.406922304176152,8.528285211133296e-16,-4.524787019109841e-16,1.4309378303521331e-16,-3.451648807449128e-15,1.836239893411799e-15,-6.382855882155883e-16,10.89187632936688,3.9276420811243833,3.980469655665381,6.090422392240947,2.1800657815367104,2.2576286699214045,158.84570148898678,253.74478494435007,-3.1581863865899357e-18,537.70283,-49.69982,-587.40265,63.202936152136566,136.30768724238868,3.574517306968075e-18,234.738495,205.95483,-28.783665,15.378077565716591,6.292742938562049,42.63161688094567,17.732574598712425,1,-1,4
-183.53098410685004,119.3190690118757,-55.60060715805079,76.15344063753578,38.44557794989412,24.076799809689263,5.893313989271817e-16,-3.953932599945122e-16,1.8416606216474426e-16,-2.6984086598199625e-15,1.6474405958849297e-15,-7.737088762143091e-16,10.863492566889017,5.384110818464919,3.4167567892335446,5.141415672389557,2.59825754719354,1.613477268288828,154.6846041873016,198.70321750833207,-9.90097519234428e-18,526.012216,-19.789484,-545.8017,81.92180140992063,125.35989268407236,0.0,208.42220725,208.20432,-0.21788725,13.05974005342502,7.131754107880455,40.40774919250039,22.478143249510847,1,-1,4
-216.6659708774424,160.63948353621302,-85.30366463722213,91.1768969372626,36.25480050912364,30.1725368587882,3.7913502369711614e-05,3.529939813432036e-05,-8.02780219525822e-06,-5.975518862848556e-05,-8.048353380445037e-05,-6.771757137354105e-05,7.674972650726957,3.738283645765188,2.9650686639288097,4.256358927078803,2.190506543385604,1.627024818079233,111.87164816974168,235.06886112663437,-4.537848914917587e-18,556.739946,-47.797054,-604.537,60.31599172042066,164.67985374883474,0.0,257.14,257.14,0.0,10.216191635726869,6.3786557576423215,33.84751378485725,18.63053864872609,1,-1,2
-288.89716085322124,214.32861669778657,-51.99884895461655,38.81013282631461,25.94254709855682,20.00483059084342,-0.008822452420207,-0.005405890464807,0.0024035462711074,-0.0041691730613243,-0.0036365948233207,0.0001498455634256,4.7005106377335,2.538039204576254,2.7309730307341478,2.297394830955322,1.2759269309549195,1.4501605843095782,70.46671810643564,291.49236003547014,-1.181084147444092e-17,416.22756,-176.43504,-592.6626,40.97056819925743,215.8929634924389,-6.186563652078763e-18,272.3041,272.3041,0.0,6.206149677671983,3.970050416306005,19.450904971967358,11.918898515060386,5,-1,0
-168.65406363106004,120.39879962013909,-51.98206443768899,76.44616726292848,27.38736165958412,29.592342049635203,5.902881137170426e-16,-4.21160620461036e-16,1.7990522566937954e-16,-2.417372837889852e-15,1.6720770966987452e-15,-7.256056531282133e-16,7.639376901963139,3.0868867101797046,2.9396545010357564,4.187544941015487,1.7173656999561937,1.407919314188428,112.04443150087567,185.1707581354607,2.2216605427724334e-18,530.7478560000001,-16.615744,-547.3636,51.232064056287214,123.47444484039303,-7.482404586917133e-18,171.47856414,170.98947,-0.48909414,10.318250203488711,5.119717861576338,31.26764561601424,14.295867821631632,3,-1,4
-167.87662139420863,115.05270959901009,-41.865068094351074,77.52911465732755,33.0652188221677,21.80412425872443,5.815337906040397e-16,-4.0143941600521077e-16,1.3808912242284507e-16,-2.234170070638649e-15,1.5838746883363485e-15,-5.809049694636806e-16,8.28800399967696,4.540921627201212,2.4382552138849665,4.147238638060329,2.482423884331783,1.2879695284270565,115.01292957917109,184.91436837164247,2.0511202815714964e-18,541.693292,-12.030768,-553.72406,72.48333066036132,119.70979359196969,-3.297375236841088e-18,211.1871416,205.61084,-5.5763016,9.664682664165104,6.505840468595348,34.82217521974866,21.1035562626052,1,-1,4
-172.66251892903958,144.67929272872126,10.35748889979516,91.16706259891092,35.57293547502165,30.13552554709895,5.8676337682889155e-16,-4.978887936935707e-16,-3.5358705118353395e-17,-2.391012978543789e-15,2.0134453190747506e-15,1.4775847402815286e-16,7.950443349323511,4.234281687320028,2.9522411331179,3.730323408708641,2.0527643038368124,1.4103170595684833,113.36239978074168,195.2531145611631,-1.3905017372763886e-17,544.894134,56.234074,-488.66006,66.7908322284561,148.9883602258682,3.933406137989947e-18,247.263345,221.18283,-26.080515,7.727151169402172,4.910882722762987,37.987169307140384,19.88236149496151,3,-1,5
-257.26575439963483,158.3811231616157,-21.02581201435885,59.41088771936438,29.31236279757432,28.948806583490885,0.0002407203294364,0.0003277331235507,0.0002931294689406,9.484715121361384e-05,0.0001253269545583,0.0001015880713652,6.096173933646628,2.66652664460502,2.5863373999779844,3.424479897420773,1.4898413892644646,1.51015022875378,99.91193758041956,264.0365920974139,4.248260819057765e-18,460.83891,-79.37479,-540.2137,44.86255748799534,161.07077570655548,4.833647049417544e-18,239.01439,239.01439,0.0,8.40247786577833,4.229907198529972,32.497437008256085,16.286657948257748,3,-1,2
-446.8279178560896,147.4399000928679,-11.771916271599531,68.83726447031508,37.23612554535766,29.31688226822486,0.0109394272338558,0.0104098893787471,0.0026110998692618,-0.0027911878687088,-0.0020001973386369,0.0008937692723671,6.457603818623931,3.4330061832352774,3.116392664582992,2.5253579175927414,1.5148495809749394,1.467801568164401,91.19538659292036,452.0992779858916,-4.292030878006995e-06,573.1242100000001,-86.86132,-659.98553,51.026441641592925,152.06923812863832,-7.699034423797519e-06,234.66458,234.66458,0.0,6.04141888675907,3.9520501584340906,45.87916430996757,25.70850112929209,2,-1,1
-236.78548678948056,129.07167511550236,-36.24598961966347,99.52003611039405,42.70595678664383,28.34097805854304,3.063430760474327e-06,-4.221818108468365e-05,-0.0001064293473089,-0.0001544268061366,-0.0002406378705894,-0.0002704585217474,8.423314061862209,4.543722878904597,2.990975193013755,4.158563951451632,2.533861268848592,1.603437903490321,124.56130335068764,256.8493806524466,-6.2355046951663394e-18,580.18319,-24.69241,-604.8756,74.34100963988212,135.95328632359158,1.6542334686892492e-17,321.65869,237.50055,-84.15814,10.283947619808202,6.866556403953785,44.18842500993093,23.0690536085892,1,-1,4
-179.8175673608692,127.64358911213154,-56.67462015851886,66.34382675803288,29.896815881687004,24.008831358822,6.287238364925615e-16,-4.315324552120619e-16,1.9121797416582384e-16,-2.496707826238502e-15,1.7682817560317613e-15,-7.888818112122699e-16,7.393683756683155,3.3186385527989666,2.5481293744982563,4.413468608449295,1.7846258144687226,1.333899068831892,122.17824293175616,191.6660138899972,6.2883856101562615e-18,561.9019699999999,21.28753,-540.61444,53.70088581569608,131.09807565822678,1.906389454970735e-18,205.5141856,201.44824,-4.0659456,11.08341386851835,5.058792086447252,31.36283285335273,16.66647154009814,3,-1,2
-180.7522899610144,117.94978938528688,-51.41017149103519,71.69468114955961,30.270074690974734,21.1645690394044,-0.0134342134229548,-0.0067041593237604,0.0009195434025869,0.0119156255021051,0.002671888200059,0.0013277632725043,7.585288276258832,3.749712908978637,2.3926332321606765,4.219424708489452,2.229047301125903,1.2555302960813737,114.80893668073394,194.4518388477919,0.0,490.52738,-46.83692,-537.3643,63.05885060366972,121.77204210257266,8.068249504519077e-18,264.01523,191.17453,-72.8407,9.738895499052855,6.019428178720439,30.003990622964864,16.941880448896054,3,-1,4
-188.460611583912,134.5937454924725,-43.96769304074375,65.92486778788695,28.283537867068755,21.815435665223585,-4.5662602914253845e-05,1.1705653682275754e-05,0.0001955645722435,1.9934708059632765e-05,3.122831732808276e-05,3.344401868065052e-05,6.85271892491137,3.7019662982511967,2.2844266264659936,3.437815287795133,2.0374431201058987,1.200706332906755,98.5620448981922,199.658434110439,-4.035984764212703e-18,517.978308,-54.104332,-572.08264,58.24417391056137,137.53339536261865,1.361113702583773e-17,215.16608,215.16608,0.0,8.034641531690921,5.233599722749612,30.125735314824823,16.460008516401448,3,-1,2
-291.66906055850643,131.82035201258918,-18.689758732072978,144.81670278961067,61.56482829971734,23.93408030066308,9.715546216020305e-16,-4.583744881404451e-16,6.165635098628268e-17,-4.9082386755945665e-15,1.805083093837041e-15,-2.5880876117916264e-16,4.670210864562283,2.802646727465337,1.5391834235589157,2.073666521430805,1.377931207777345,0.7718485163203094,57.66255219473684,325.6420094120783,-9.463863825240262e-18,525.034285,-59.458015,-584.4923,36.12171167105264,145.48825824889306,-1.2807265778106726e-17,239.37305,239.37305,0.0,4.097648297572092,2.990403785257253,23.973436625202904,12.104611282398109,2,-1,5
-234.523617970015,139.56380725669374,-2.6071943270148927,111.98821393133518,39.78404289035528,28.96375069289313,0.000521415558888,-0.0006444613959691,0.0003956879160419,0.00033298841488,-0.0004119110141879,0.0002539488316447,5.25265514434124,3.0651397472343835,1.8598718724934524,2.3706027863383388,1.5461876009493585,0.9058948063724996,69.27691617117117,259.8897601778032,0.0,511.6328160000001,-17.415524,-529.04834,42.39611652582583,145.12348660601148,0.0,258.029884,233.70721,-24.322674,4.823826547626187,3.584182820451774,30.665325738488757,13.741831393442316,3,-1,5
-242.42585055079795,200.31277828563685,-60.63207987853724,59.06391413077194,23.091497540497723,28.764910682556472,-0.0127749083609346,-0.0097288454782702,0.0022173488007429,-0.0046964129408715,-0.0041587347354013,-0.0004573213772707,8.669168581735416,3.1338479307491798,3.863221573908672,4.361413311949373,1.7045543901976066,2.064037180412132,124.57047836347198,249.51721176649323,6.9030981684801575e-18,492.00044,-84.24676,-576.2472,49.17949887703436,201.63934735852905,-3.477690988393474e-18,260.6701,260.6701,0.0,10.489660736344474,4.959212663173743,40.64542398058296,14.876704579141222,5,-1,0
-292.1587568930901,123.4043474218812,-62.468956901079466,75.61224827133842,32.731976103994256,23.826008494170622,9.97400835092272e-16,-4.39699241385748e-16,2.191472257385837e-16,-3.7230444552159055e-15,1.700629883390824e-15,-8.729891288135969e-16,9.377159805985965,4.2848540877909285,2.9788298679113545,5.410959910492412,2.0291039720509514,1.5808914675598904,142.5397214910979,301.78461080373575,-9.386155862791732e-07,527.312416,-116.747284,-644.0597,70.72076425222552,127.6715129631227,-1.3015562193571932e-06,199.58475,199.58475,0.0,12.547730919928826,6.034771071124951,37.22145059579775,20.443678453196423,1,-1,4
-181.30320967819583,102.05263640283285,-0.1710241639256943,101.43177695764348,38.81267117716135,30.016719004819247,-3.838494911994502e-05,-4.377045443223739e-05,-1.350037114459012e-05,-0.0003018990232531,-0.0004163571567456,-0.0003857069138573,17.491510152284917,6.897844068779339,4.122829056942584,8.34727845300089,2.949475658266854,2.142174224655636,240.1118374475128,207.748066697144,-1.8537114017128365e-07,568.426322,51.033222,-517.3931,95.6575426384923,109.18408327533484,-4.303243845142132e-06,260.25208,202.22083,-58.03125,18.159454918190683,8.195267446340695,61.20158029302081,27.74102679041899,4,-1,3
-202.21138410882185,110.50203299454492,-69.01847152769304,69.34098318711023,33.56515635716776,26.53167577522856,7.057503096707817e-16,-3.8482466209751405e-16,2.3747544203787113e-16,-2.7225629555923104e-15,1.5380766989518594e-15,-9.58127574125688e-16,8.182912848534569,3.8201828383492726,2.431309869929895,4.180971266817799,1.84430511727832,1.2282824092593951,117.29982733131924,213.7700068123697,7.230375594284024e-18,555.2304849999999,-44.165115,-599.3956,62.31775984496476,115.487311065799,-1.0573799239044017e-17,212.144566,189.96558,-22.178986,9.971018054192813,5.163167502849301,35.22786027691285,18.3598966508236,1,-1,4
-213.54596209433265,141.45606027317118,-42.272760071469655,85.75458150581582,31.24951716487861,26.439257691066928,7.115560275715155e-16,-4.773730311555736e-16,1.3660674790929936e-16,-2.9504618142195995e-15,1.962596121405717e-15,-5.812823534835606e-16,10.902166183376654,4.27771672867843,3.2059692372996382,4.977740574789157,2.353166935042585,1.6024956796483372,148.79679566561015,230.12111197374256,1.3088126340756113e-17,567.139149,-29.390701,-596.52985,66.34641890310618,144.86666045382935,0.0,207.417182,202.16208,-5.255102,12.220186633866792,6.258185836563672,42.68411251618021,16.75352257655287,1,-1,4
-228.63566870566456,183.54724498080031,-39.94463712797915,62.814143443652846,27.952066931878424,30.634820417079577,0.0001064790921066,0.0001376903535721,0.0001060661461805,-0.0002185205816059,-0.0002813196045958,-0.0002132872186059,7.377366645899564,3.058353956034032,4.001462094427498,3.455755522021203,1.5808437846800796,2.0859376940446803,108.79241020648148,237.107329327978,-1.0245774742521576e-06,450.47378,-65.70102,-516.1748,49.41773943944444,185.66342985576384,-9.382900678769486e-07,262.68823,262.68823,0.0,8.914151617950141,4.683736068159941,33.610618588088364,14.922185164005615,2,-1,2
-241.780558176318,149.2503089452195,-19.799927025520205,93.8946152196949,38.95905484234704,31.003068944843715,8.08459647863689e-16,-5.143969839441361e-16,5.940803094613921e-17,-3.4305568013254816e-15,2.0909783684443618e-15,-2.74921651562205e-16,11.09372240750722,4.302588989876851,3.9671902823540792,4.921663861559083,2.2266015138700896,1.8007745191393962,158.87086106467066,259.37239074216524,2.539312496754661e-18,528.42675,-43.74265,-572.1694,71.76310082243114,154.2512971564663,5.793453429035405e-18,269.877884,236.80917,-33.068714,12.05680401636269,6.144706463546954,45.415696703013126,21.856087229127084,1,-1,4
-258.7238855178928,139.170068399199,-57.79458058407702,78.0100912681367,31.88584261000613,26.505787943253964,9.081692655475346e-16,-4.77095678353519e-16,1.9444333514890203e-16,-3.400649019260975e-15,1.929691900414492e-15,-8.129131247830206e-16,10.404334460082444,3.5023794851046697,3.5162234107825485,5.574483107494533,1.8762566897766677,1.859999804822534,150.70035227876824,270.22883502161403,-3.1091576301024683e-18,511.22417,-81.42893,-592.6531,58.37146077633711,142.77610058125208,1.0508550845590003e-17,217.15361,217.15361,0.0,13.39679383742646,5.542994856911534,41.622635936240094,17.088652306732097,1,-1,4
-274.5630950593197,228.15815566331176,-20.27520508468495,29.80058623606509,19.273880925579757,16.074764605193078,-0.0107980666760369,-0.0077978016558906,0.0009062964873958,-0.0052198827712481,-0.0052309564773775,-0.000239004800619,4.073653726775261,2.8321851942601097,2.5681040550077423,1.9903353292902533,1.466878115841056,1.390517091074633,67.7085229391892,276.17561099518934,2.049750407685468e-17,383.7785,-182.9452,-566.7237,46.892153065878375,228.97079831632996,1.1396120525057161e-17,274.19202,274.19202,0.0,6.517474920438572,4.788269441833005,19.16886214682036,12.480117502946303,5,-1,0
-300.23649619334697,146.71681764804003,11.90592081101109,67.67670596057947,34.02939755601669,16.655610529166996,1.8337370367404288e-05,-2.232219695389197e-05,1.2540323787953724e-05,-9.509088625920413e-05,0.0001144179034688,-6.059128096381959e-05,2.421691269932272,1.5273648197826843,1.285910875959625,1.206500256382548,0.8185661635410322,0.73424737030158,35.34824822006472,307.7695406893482,-2.3458075960713e-18,381.22739,-144.75551,-525.9829,24.23903692880259,150.61150181441545,2.3062540877873727e-17,209.360394,203.08945,-6.270944,3.300222479276563,2.5299153595844546,13.237467052459898,8.435866632490342,0,-1,5
-262.036636886083,195.77277862259768,-44.82603717931714,37.57779935944886,34.41491924908819,22.99051429728577,-0.0025522603750803,-0.0026827211029623,-0.0010252531292357,-0.0025742152509118,-0.002257997018607,-3.703041755601393e-05,5.666993591835049,2.968218571164956,3.3684097653429914,2.9243920314392184,1.556802499802677,1.898297445157609,82.04607442896936,264.71737773570493,-8.832084024015343e-07,416.56923,-141.45087,-558.0201,45.268929277158776,198.7746651777684,-4.573962097448346e-06,261.6538,261.6538,0.0,7.50818612570792,4.550956003899359,25.67030026473865,12.55312928961749,0,-1,0
-289.6756286006788,197.7288776377733,-40.27947558108505,53.49291730790527,30.17564049388109,27.270148656252328,-0.0093205230809166,-0.0078059206871425,0.0005396143189786,0.0003047242195625,0.0001398622064677,-0.0001423544078629,3.713916498068283,1.922597241627224,2.6865674686262664,1.895509881410792,0.9920724493067968,1.485109040558582,59.91077308848081,294.5733559019023,-2.8373247050245537e-17,397.27377,-168.11153,-565.3853,32.08436998297162,200.01819500012863,-1.1909475628166797e-17,242.676778,245.47781,2.801032,5.612219491459412,3.468101886969343,21.4421367701608,11.519378235410004,0,-1,0
-237.3081320990762,139.63762401280752,-46.65350543881179,73.00313921932785,26.925064724683462,25.65459864118284,8.467852842946601e-16,-4.730644046338883e-16,1.416236561372703e-16,-3.1679053521561224e-15,1.9277374488830945e-15,-6.459916194215417e-16,10.968939720544371,3.083696217528503,3.880542961502923,5.958557631675818,1.704034284647318,2.1586166673272134,163.98282115230964,248.28332182454216,-2.021397277090032e-06,503.3501600000001,-42.92981,-546.27997,52.54492553308365,142.20979273724643,-5.062749746818449e-06,203.46571,203.46571,0.0,14.180259232065575,5.228171058696738,43.91023742305509,13.76926958887774,1,-1,4
-249.58405987283828,129.5922101667627,3.3965793466976018,118.95545167823327,41.035188635333206,17.25174067338706,0.0002780676500516,-0.000243896293052,0.0001610589272326,0.0001398594785063,-0.0001969805827483,5.436206622183658e-05,6.800814068132983,4.458948918763213,1.878045256224056,3.352639213162122,2.0139554301895948,1.0055239567375407,100.22766970277776,276.4825535663706,0.0,555.3631499999999,-57.79915,-613.1623,69.07701125158334,135.9339090964568,-6.6511872913028944e-18,225.605329,217.68356,-7.921769,7.430001244150558,4.952090185396282,32.63280741215203,25.21756661671059,1,-1,5
-209.5982962016772,122.77819854763368,-24.61398207483113,93.88251280381678,34.55924213682378,33.554278716388175,7.072599574648819e-16,-4.251360406084859e-16,7.800661295568548e-17,-2.784673568740981e-15,1.720573985448086e-15,-3.379067708085605e-16,10.338203551281005,4.011120167346197,3.257928811337479,5.011182893651678,1.9133320189727816,1.642689548700251,157.5885713484011,229.6636061308034,-4.7209420818832084e-18,568.745228,9.387378,-559.35785,64.2465639190934,127.54931303489556,5.347570604031261e-18,227.863883,220.29996,-7.563923,11.530789979578794,5.221860181240565,49.75193943469008,21.109029378663283,1,-1,4
-249.71496732798624,115.09544780520883,-50.38658268268095,75.26470061376483,31.015989029905587,29.84115056842537,8.628865865719902e-16,-4.031393892938287e-16,1.7288330546566467e-16,-3.4339998382387625e-15,1.608039450879268e-15,-6.963620973748357e-16,6.391592700893291,2.943025346506015,2.39968293579143,3.262008794081488,1.4453750436815662,1.2003319189363115,94.74709026009693,260.81092781188613,1.9452282487380028e-17,497.94842000000006,-67.60848,-565.5569,46.166072614003234,119.20131576868091,-1.9581715022015018e-18,214.11914,214.11914,0.0,7.607342728750605,4.086234225442322,32.22753562716908,16.394199112027994,3,-1,2
-264.43887788179586,130.5621029120919,-12.473621297217662,131.4192223465075,37.1767793294259,33.81715172641726,9.17336751256782e-16,-4.497309559941667e-16,4.4687098171121496e-17,-3.6761394439491386e-15,1.806185477429474e-15,-1.6998972144294616e-16,9.09583086576429,4.34951738746295,2.32688218346231,5.032470676729487,2.602374841546292,1.417103334853831,115.473379882883,295.2946530798418,5.459426663546802e-18,601.158234,20.407034,-580.7512,57.36626663539622,135.75188999839563,5.2597185834476425e-18,241.315398,204.91458,-36.400818,10.368589442324971,5.931838301081985,36.90005657088737,17.731335491102804,1,-1,4
-210.6383556310184,149.44367908234213,-6.940869963789513,79.32851840237147,30.146842064297687,22.680343977228944,0.0001050205231322,0.0001484607385061,0.0001482885910951,-9.965966905622165e-06,-1.4082947950639651e-05,-1.4056546883995575e-05,4.414149249897619,2.9293563735110304,1.8804342742445168,2.214461778990584,1.6065365656992625,0.9714166031201718,64.77472465359477,225.0811646825535,-6.4865954361206975e-18,547.0543,-17.3254,-564.3797,44.79303646045752,152.45407604952965,1.991525183717188e-17,208.3588,208.3588,0.0,5.185154092055211,4.161001267794805,28.10025487467449,14.33518850129565,3,-1,5
-182.49578843899693,149.3339229049323,-67.4410849641819,71.80041260930098,28.47516478446497,25.50913947573113,6.434419618253422e-16,-5.047418116264334e-16,2.3317346084110023e-16,-2.5342630406558804e-15,2.0752653716486818e-15,-9.483456928114706e-16,8.38527444331237,3.437081339824521,2.937957017564371,4.064529340202818,1.8467802501585853,1.5632617364036976,115.83878981785064,196.1122434954968,3.517888996807464e-18,524.50253,-47.35562,-571.85815,54.95738343743169,152.0245228233876,2.9640145128535267e-18,236.3523,236.3523,0.0,9.572362635803406,5.32682863172393,33.921209121159045,16.331672272734885,3,-1,2
-176.7258215089978,119.9197482027678,-53.19833577790961,78.52590503093536,33.2321558889312,24.018521963152374,6.071941607630641e-16,-4.145861286948646e-16,1.8217953088439642e-16,-2.5447405120833725e-15,1.6739872665551633e-15,-7.391200214020423e-16,8.616367209659694,4.583608252565658,2.55970803592718,4.288052666935811,2.4587668988883995,1.29798051468753,127.82825144478416,193.38648802064128,-9.214563973429237e-18,551.5253203000001,3.5830603,-547.94226,68.39929875206835,124.439230928359,8.530007718723878e-18,236.000589,222.83438,-13.166209,10.60016716663272,6.54232998958246,36.15037602082848,19.101911168040616,1,-1,4
-292.2206344029644,198.4455876643472,-15.109803937267678,48.13049269940556,33.22740835441545,26.659562888730584,1.0609927436518028e-05,1.4919225618166437e-05,1.4665480778182917e-05,-8.946371680859412e-06,-1.2699456007769412e-05,-1.2843639057366504e-05,5.220922102460347,2.519997435983122,4.100235485742248,2.600850892743169,1.1614320606405906,2.1783559621356794,77.49993064874884,296.1578016840996,2.745023942190314e-18,360.78368,-190.81099,-551.59467,41.52067527374791,201.2081308729823,4.051358654180367e-18,251.01753,251.01753,0.0,6.509668821676702,3.6898277981838814,20.909445012737372,12.480593479171818,0,-1,0
-200.1800900025669,109.50763404276472,-56.91659395070533,80.23352281631124,30.18463508046664,25.720823375978064,6.8977487445587005e-16,-3.8468214152346596e-16,1.9192654259198784e-16,-2.7609648745873328e-15,1.5303861866777434e-15,-7.844945612426285e-16,9.004760864447952,4.010299226620931,2.796932809635302,5.203445731514332,2.233690572416052,1.480903069858993,128.4175380122592,215.6605819730424,-2.404870897254932e-18,524.9982530000001,-34.130287,-559.12854,63.57059409246936,113.59152304897148,-9.000326219260064e-18,188.22116,188.22116,0.0,12.185095211831282,6.456412745679949,35.30867896250628,18.858778470938216,1,-1,4
-238.4396635973783,164.54396202873482,-56.00763413374053,81.18724487417265,35.39202678027263,34.965556555859365,-7.697775510356041e-05,-0.0001086783761462,-0.0001081293318286,-4.580869119115521e-05,-6.469651085512564e-05,-6.443723424494394e-05,6.010222265847844,3.0446658565246687,2.634033968345809,3.037848958929521,1.6882602241732936,1.360809835987663,94.37783704257528,251.8825954818828,0.0,488.6942,-94.0872,-582.7814,51.20512774444444,168.30719235888068,0.0,248.80519,248.80519,0.0,7.694813086362537,5.088501427907861,30.88985102547366,15.60391788799545,2,-1,2
-181.59148724827836,139.560907771196,-38.008111285242165,81.0151700274391,34.97863071165818,27.9713989801402,5.996638746650759e-16,-4.783835404631504e-16,1.2128033420192548e-16,-2.365677143895761e-15,1.930536569815806e-15,-5.352073776033323e-16,10.172845302315157,4.486602653916238,3.345143699668872,4.976686473609464,1.942371176448097,1.6225209359003865,144.15597545160142,198.843974049043,2.6521192114288024e-19,542.5886218,-2.2502482,-544.83887,74.2140274599822,143.87755761195987,1.6738171517173317e-17,214.14711,214.14711,0.0,12.355803035239733,5.716642458751259,37.37812326714301,20.89796489145801,1,-1,4
-229.9746146164702,145.89241556783165,-26.282406158938425,79.66346634009007,35.29531809408547,22.62121444719584,7.770393745431169e-16,-5.06491252232558e-16,8.218685692282967e-17,-3.192802096031985e-15,2.0195748824948445e-15,-3.5593004245108233e-16,9.337656627897536,4.221887469064514,2.566027914427942,4.728604234452768,2.2786073477960027,1.3728174161671738,136.9485741129568,243.3815753858797,3.595918566878168e-18,520.3478749999999,-32.810825,-553.1587,64.34684704252491,150.10115389156593,-4.95619785983188e-18,211.28084,211.28084,0.0,11.06605813160662,6.003117891792574,35.68908076468759,18.45182891395758,1,-1,4
-215.0159633249788,131.07768541076038,-51.513040260796686,77.90837887645557,33.55185787464411,28.167271593691684,0.0019553878119364,-0.0024706295009033,0.001677003881383,0.0008705069266582,-0.0010990029211789,0.0007438125861251,8.824843633590312,4.1818633305730994,2.9067047260890786,4.448787405353604,2.195891772437052,1.5245953950122615,123.02180260980391,228.69538688772445,-4.638663900227018e-18,513.845538,-47.453762,-561.2993,65.9398437235294,135.3036835399635,8.118949075319513e-18,311.04629,215.5199,-95.52639,10.779967972847729,6.070153687427714,34.47787646069187,19.1832835950917,1,-1,4
-186.0156061111509,114.612566766473,-16.863101655396324,116.65611168847724,36.63614751767975,37.23173375189218,1.2790968278735316e-05,1.7884229865252135e-05,1.7207792168865443e-05,-4.097173824259957e-05,-5.501318066221374e-05,-4.675580298885652e-05,16.22888596799664,5.074390392190304,4.835797669044959,8.576986210031126,2.8156668700662872,2.290097225679811,235.6834907888196,219.5687912959702,0.0,567.837793,39.903393,-527.9344,78.55575321428095,120.32559065193249,-4.5838125484318136e-18,269.744807,207.19089,-62.553917,17.35370958580895,7.299298709454661,68.20939202605327,22.671109478540096,4,-1,3
-161.75892290714157,134.65586720761024,-13.36050768637665,133.09418909840326,32.31769710498609,29.720913735267438,5.541181164499452e-16,-4.590567973522273e-16,4.590567973522273e-17,-2.2310465035033306e-15,1.8598655676353985e-15,-1.8189617788890247e-16,4.814769523117506,2.48763864636813,1.858979799205844,2.264938683905164,1.1835545656739763,0.9345374319105676,68.96215071604203,209.47556495171483,4.377758628532634e-18,540.3025719999999,54.971672,-485.3309,39.42352722943911,138.4797318007339,4.1300412908902274e-18,212.131954,195.50436,-16.627594,5.109629861329578,3.492282553524742,23.929506556009823,12.055027687409613,3,-1,5
-258.09446329238,183.75582551956,-64.22122673917457,60.980727969722345,22.71341326056529,21.49236225935934,-0.002330052625742,-0.001642033095302,-8.005618743879438e-05,-0.0012982077632182,-0.0012191042065777,7.61771484571207e-05,8.396102560237988,2.921648919245306,2.8016599871946744,3.394108768749912,1.538801522885735,1.3385823125535212,118.09934668442078,265.2006809303079,-3.693819365536132e-06,448.91704,-138.27356,-587.1906,47.02185443408789,185.15426690821957,-1.269169191247885e-07,215.311089,240.84462,25.533531,9.095960079836775,4.611114787989001,38.56755624886455,14.164273831747538,2,-1,2
-167.51250355227182,154.08344326304385,-36.472510083093546,64.78741377638947,28.297050255366745,26.080303913822263,0.0011016644350628,0.0006299598455965,0.0003129153550463,-0.0010551902072618,-0.0006705364127902,-0.000393754231093,9.42849692969139,3.4568057709215987,3.5527089933613065,5.332701781162188,2.048434427708677,2.05360637363412,139.094656079614,179.60469879761771,-1.7836496981058766e-06,494.305896,-12.633374,-506.93927,57.70557359770808,156.66023918324137,-2.2671186523144705e-06,226.28535,226.28535,0.0,12.876964790993163,6.020690308162444,39.578788539632086,16.528643629800683,1,-1,4
-222.29108444663535,141.26279493477108,-36.23332826258646,65.162612313173,27.976236683831534,26.56746677303612,7.825573743430352e-16,-4.885888815071423e-16,1.2176511228384466e-16,-3.1327768846584127e-15,1.947382053332397e-15,-5.048443966276713e-16,7.412089606195208,3.208846350968304,2.525167735382894,3.8802792306105856,1.860251074299657,1.292945540036384,116.23072118299248,231.64518615317272,4.399107351712137e-18,523.2694339999999,-64.555336,-587.82477,54.33581393017224,144.00641323140073,-9.797749165386609e-18,214.67746,214.67746,0.0,9.050443822607823,5.057428604561359,31.05418516056645,15.775077597820133,3,-1,2
-200.78828066687277,127.4432968326648,-73.37617364038488,83.84007408639204,33.496302492482435,26.74107004637231,7.173871952247444e-16,-4.4068070563805734e-16,2.5840579583095384e-16,-2.7603851426460288e-15,1.7520169167051252e-15,-1.0232832913518261e-15,9.258914322261486,3.900615983000556,3.107169489327598,5.213918041865917,2.216430050625509,1.556971680455316,134.40685538948995,217.58927288809656,6.02175863018101e-18,549.8973100000001,-47.64559,-597.5429,65.38322797418856,131.77175793107793,-1.1586768797294085e-17,221.5880583,220.89812,-0.6899383,11.961797675217635,6.194523105060732,37.24578852383146,18.56966454618431,1,-1,4
-273.53560536183426,207.92999441561184,-42.36699864956442,35.73968780403868,24.619844613083004,26.65244894091742,-0.0001311134397464,-0.0007771524626496,-0.0015539305110393,-0.00121956978172,-0.0005426727086938,0.0008840515271012,4.516230713500437,2.4016650740643213,2.763771542796367,2.2234802475377347,1.2795155023115945,1.4030784527033973,66.53696180406213,275.8605674702263,-2.9371170667665564e-06,283.54665,-155.03123,-438.57788,35.4220523297491,209.3824713925421,-1.0996862130491846e-06,169.986655,258.37567,88.389015,5.528628072605685,3.596021735968473,22.052630708904548,11.758810986267015,0,-1,0
-225.40804262109424,177.45167048180394,-76.26178721561739,29.25329779585603,15.423726919812546,17.3907989188658,-0.0123963718008278,-0.004195762434662,-0.0002783091928986,-0.0058636701700004,-0.0034202006673752,0.0015291465569596,4.444078249445353,2.2769952362342663,2.202544029168096,2.134492903405462,1.2011604172342043,1.0889793863464736,66.28292160558465,227.29835263416683,-3.045588958788121e-06,399.4433700000001,-166.83723,-566.2806,38.30709164048866,178.12070825392445,-4.878726091914699e-07,229.0622793,230.69208,1.6298007,5.88235248460913,3.933469447322569,20.150954765083053,10.73383875419253,5,-1,0
-260.2903615668327,144.35450437489072,-71.43215223297054,83.92964204535686,30.861953963000683,21.076706397402862,9.001893734184901e-16,-4.945984310130804e-16,2.483106642407183e-16,-3.496198980778301e-15,1.995114235939203e-15,-9.849772243382617e-16,10.527379600894236,3.687514993140337,3.056548794104826,6.05201927842387,2.064455038724332,1.5730272576345778,153.96203606196582,273.48721567644486,-2.778787697531366e-06,561.34831,-94.73859,-656.0869,60.49512704832265,147.61667634699924,-7.722490499810952e-07,213.31046,213.31046,0.0,14.535260586405691,6.084048543571531,41.93129203640997,16.55118570458612,1,-1,4
-117.9356570354444,124.28064251007822,-9.354644455098905,79.96759400244271,30.484186233225,26.84386407116086,3.6098785390930205e-16,-4.350106441772207e-16,2.7061413907877806e-17,-1.6189316587277249e-15,1.7310749184700897e-15,-1.3090246001574147e-16,10.25832979888861,5.190244114651732,3.5238697450132825,5.996619206315527,2.869437026174524,1.8114742170299496,146.7273634193169,142.49082528682848,1.3433800989358049e-17,533.575337,35.488907,-498.08643,76.25392458634903,127.9646971356546,-1.1928154183886425e-17,211.27771678,210.8594,-0.41831678,14.327928831869029,7.370862979818271,39.11090379310512,20.967699546464747,1,-1,4
-207.0001264402632,132.38199849512552,-46.562592002039125,75.19503472053947,33.69413497681253,24.010639040852077,7.09614089163271e-16,-4.521548257664886e-16,1.505047932792136e-16,-2.8538270589454293e-15,1.8343972517020748e-15,-6.429276568220026e-16,9.568434952688836,4.666556421134239,2.730018472910097,4.779820918034715,2.5042791114050487,1.3791073305705577,136.39329806630582,220.2347511018824,5.275994869706422e-18,539.789408,-32.627792,-572.4172,71.92173939878214,136.60266563064965,4.749051007793597e-18,200.20667,200.20667,0.0,11.455848056424356,6.305628147969715,38.8348845509712,18.388244627273853,1,-1,4
-211.2488402099534,146.35286940540337,-22.08693017502223,73.62906819125432,33.70475746852345,20.672314198622527,7.026445392138992e-16,-5.138743644997173e-16,6.144862458143941e-17,-3.0041003585374104e-15,2.0390292266110438e-15,-3.0920947889380313e-16,10.199532991569754,4.775981221632727,2.8001106420120427,5.19020019988541,2.4600892058963475,1.3846121518594243,142.80231750415513,223.7125659697345,-1.0910186878615402e-17,532.5583379999999,-25.357462,-557.9158,72.79924476613574,150.18379759217382,9.717677762210693e-18,224.89604,224.89604,0.0,11.697781559014809,6.286594902732808,38.63421277661455,20.313428896621097,1,-1,4
-192.7110486549727,145.7297051601653,-53.890254732224086,67.80924748630156,32.01343270298583,25.12008145203864,6.568865492492294e-16,-5.063827098031052e-16,1.8460236557063664e-16,-2.658999147818666e-15,2.031948808928385e-15,-7.500695904688023e-16,6.691591252870808,3.309182518313836,2.5968381797815647,3.34858705636272,1.6637477129621254,1.3121445442928166,100.60547457119206,204.2930305183164,0.0,517.7818950000001,-11.244655,-529.02655,53.98262662841059,149.20458049100677,-7.560873565422236e-18,232.72764,218.65303,-14.07461,7.793985908434001,4.462095442419328,29.23159126951955,16.66303698822364,3,-1,2
-188.16646877767928,141.46165605329136,-27.442632253860324,68.42539304007661,30.245013270372866,26.39631885317077,0.0007618637971433,-0.0009580583934345,0.0006370670471772,-0.000577193970379,0.000725458399382,-0.000481042173141,6.575114690218024,3.214351872040069,2.48943499467588,3.388522570810796,1.706282773937931,1.2694428162367413,102.64410284689656,200.2215132920294,-6.586343501310527e-18,541.587582,15.185852,-526.40173,51.06478045241379,144.65877422771402,5.660234821438946e-18,307.53192,216.04034,-91.49158,8.330776829252606,4.69671604055308,29.09514450750039,16.840431959634437,3,-1,5
-193.2580495713164,133.93014249781535,-42.259551777299,80.86459884060994,34.091532082429914,24.04915877083331,6.631572787620208e-16,-4.519353089640213e-16,1.4506565472919204e-16,-2.630112056003579e-15,1.863535718444236e-15,-5.837746823296829e-16,7.586514990087794,4.077312586791779,2.24687572480458,3.8508958591686646,2.0459445128933478,1.1215704747623223,115.35970246969696,209.49405020134145,-1.8938061023345604e-18,537.286555,-32.250675,-569.53723,62.99717998063973,138.20099720773536,-1.6949566548666025e-18,211.35757,211.35757,0.0,9.205530460037018,5.422408214090527,38.71785772076617,18.54223012114566,1,-1,2
-207.7850736777044,177.85915827403667,-93.96170464569158,57.31012767197855,18.899047621756583,22.70071777636954,0.0011604747815979,-0.0016446953003198,-0.0025260372373595,-0.0032268279493198,-0.0014113833465245,0.0020644606243472,5.7318609989645735,1.9094398806585609,2.3633353536503043,2.561595010909396,0.9682720292240824,1.1199745284168996,81.85914626116072,215.54370224394756,3.853415691193005e-18,353.3792,-108.5222,-461.9014,32.91427618526786,178.8604321334326,2.9058121114042945e-17,137.8166,221.67949,83.86289,6.229284947806073,3.3133735337441537,27.53113324039795,10.529062835457715,0,-1,0
-149.53795462029873,166.52277007053715,-84.65978932874528,68.65275149902892,31.40967706521848,23.08497166926736,0.0001291126432132,0.000182278609261,0.0001813301796535,-9.995610524587246e-05,-0.0001406402895159,-0.00013849412114,6.4135739521750335,3.046867516290848,2.672734813768493,3.899264966448118,1.771844905891327,1.6616460418808745,97.14037826891892,164.5442194682327,-1.7560444117031966e-07,488.84293,-45.14877,-533.9917,51.93637033716217,169.4591418758702,-2.119028015809721e-06,249.71782,249.71782,0.0,8.735662113640453,5.37336921634875,29.263278645474177,15.320043414800974,3,-1,2
-202.5005222950158,152.7082486392682,26.270365653964884,65.9347899320219,41.04126226183148,17.091729660721356,0.0001178289162765,-0.0001426151190611,7.862102882894401e-05,8.447700915522155e-05,-0.0001025368960607,5.738577618295812e-05,7.529047194343644,5.690911250027542,2.3175772649919817,4.025047196356116,2.993814906884205,1.229018402064926,108.18433920327868,212.9644525575432,8.847283362072005e-18,400.409956,-63.136944,-463.5469,83.9855868304918,158.12714634279905,1.8014487105496773e-17,247.8041633,243.926,-3.8781633,9.508719006107537,7.336561076191516,29.78690556645,24.71885892142682,1,-1,4
-222.41493904414224,137.58852762220596,-32.72448409248205,83.13558229531417,35.67366410791193,27.238137558147905,7.73067875937918e-16,-4.700645771063188e-16,1.0154705150031976e-16,-3.0877674006609327e-15,1.9120429450087927e-15,-4.533789224747138e-16,8.733494717447916,4.664957080920442,2.9815638544103096,4.61473587683697,2.383710160388467,1.5679371607248622,128.23811686678198,237.4445833317544,-1.0319817687973594e-18,506.03339000000005,-53.30111,-559.3345,68.712274983218,142.1380077394173,5.3679734647287086e-18,224.37204,224.37204,0.0,10.913288551662538,5.971254893724429,37.31066522203308,21.02685592256885,1,-1,4
-260.3187686952019,205.58683492618803,-36.758847632647104,48.37749843212814,21.802734957326518,26.227292905952268,-0.0128786597342068,-0.0086552737985662,0.0032891488350018,-0.0032396276002827,-0.0031150211207664,-0.0003163938750147,5.17658611584325,2.5035432015485948,3.015629947949554,2.625668876856482,1.3468260242117276,1.5384423044648734,83.33591822107081,264.77583667989154,-1.191833302209864e-06,447.32705,-126.85805,-574.1851,43.57236131951641,206.7397057814176,-2.7149701199597955e-06,259.07904,259.07904,0.0,7.31321496087907,4.519579138016338,26.13352840711656,12.482444375386033,5,-1,0
-239.5906894479604,132.98585177447552,-57.246320329162245,79.05501324990576,29.243852149200144,21.044451039816867,8.41388600853452e-16,-4.58788666213398e-16,1.9254217490002716e-16,-3.420056260986316e-15,1.835309940801092e-15,-7.936930056463619e-16,8.80138977550993,3.5368124280673694,3.1670385678832527,4.422286019114309,1.8886511957939367,1.571777715891039,133.67319678671328,252.2962417280364,-1.740423487914476e-06,537.63252,-69.38238,-607.0149,60.02673067657342,136.16328308581228,-2.5170377682151417e-06,210.36096,210.36096,0.0,11.249873126107229,5.797308896736597,35.92283338650117,15.96793607045396,1,-1,4
-244.68088067322736,127.96464507526484,-54.0855118760586,81.70497105942152,32.85334990105695,29.99486851060688,8.610493464390672e-16,-4.376056711343285e-16,1.841059457846689e-16,-3.267526487782134e-15,1.772063984414406e-15,-7.599238449684015e-16,7.449914611695599,3.2588110545858444,2.3315863974365216,3.6519941509114537,1.7709469739934578,1.0903120373777615,114.45083397904192,257.9620818315107,9.362969203067993e-18,494.39481,-93.56173,-587.95654,51.98770041736527,132.11469633980838,-3.1913192561514325e-18,209.62207,209.62207,0.0,8.296672246449747,4.766391779251582,40.03450792017639,16.619111243382232,3,-1,2
-263.8328156901211,206.5725589262266,-54.34601067373997,82.82741254354224,49.19402736469716,36.82569551819638,0.0007299335568687,0.0009333075318279,0.0006639607243187,-0.0001990344405239,-0.0002456823511066,-0.0001487688682159,4.970518650818481,2.0456134587608688,3.6846763263052056,2.481244969043724,1.1426040087785152,1.7689122591943298,74.99211390390391,276.52872346943553,-2.725704099732936e-18,428.45215,-143.73935,-572.1915,35.921995847747745,212.34941589203385,-7.109034561621439e-18,264.17517,264.17517,0.0,6.047426789110199,3.704363607977181,26.7694643954459,12.86148207932283,2,-1,0
-301.25544653463226,185.06764900610213,-30.24959969142205,65.81300084498524,34.25539018819098,30.075021389679264,0.0360910029261688,0.0131885909699169,-0.0065435613924275,-0.0049244258311048,-0.0002353479504982,0.0014446120825607,4.559845260888135,2.296259921709315,2.7320376014489485,2.2142613425177875,1.20095005161215,1.324138929304898,61.84815244372991,308.36049543837925,1.461025287799845e-18,452.3980800000001,-142.48308,-594.88116,34.851675601286175,188.21122831964897,1.3360653833673865e-17,247.0061,247.0061,0.0,5.373885893373301,3.525525454769297,31.474955122877635,14.586461554359277,2,-1,1
-221.2811296514515,138.51859045460287,-44.23813594134027,89.66003169582825,31.700475015525523,26.345345227104108,7.484555746924375e-16,-4.731308454305766e-16,1.4167194806678282e-16,-3.051070240048308e-15,1.9180844761258644e-15,-6.151369254503469e-16,10.681849268414853,4.27652577599248,3.014404195936736,4.840686239424933,2.258371932424984,1.416967945744894,156.00924535216575,238.7556483594041,1.2883122514048848e-17,567.475464,-29.838736,-597.3142,67.33160101487758,142.09968338367244,-1.6069431447387746e-17,205.38338,205.38338,0.0,11.443562692833405,6.038152503620415,46.87756052140574,17.787555689265762,1,-1,4
-137.00079739468254,106.01533563518882,-5.188291967573642,85.59085565463776,25.076742019637607,20.73366997767181,4.074180073835019e-06,4.6913553820708575e-06,2.106637658491467e-06,3.3620763073481874e-06,3.86034878652079e-06,1.708808216900232e-06,8.9599301816495,3.811940760398403,3.3096484639467407,6.089064151062132,1.8876485091133053,1.7632787097730585,138.41443526257927,161.5395092801507,0.0,543.9920440000001,17.867594,-526.12445,58.16749660040651,108.94078382387926,0.0,180.33702,180.33702,0.0,15.373331901623574,5.573890892546316,32.255310595840044,16.809933071866865,1,-1,4
-264.31841400059307,126.8068287761926,-56.79960740251392,80.62563300473813,30.73317793751013,25.851061073718792,9.14416538255335e-16,-4.319248625399623e-16,1.83568066579484e-16,-3.74378775671071e-15,1.7721429383022996e-15,-7.889212961819862e-16,10.976771703029808,3.9955348232747663,3.594118375476698,6.620416539673198,2.197704645435824,2.052693939625481,163.21601275973305,276.34166656008216,4.992624603357273e-18,535.6492949999999,-73.390305,-609.0396,63.007777552836494,130.47796768195496,4.8847643887705785e-18,223.88953,223.88953,0.0,15.405961723525706,6.010249707476186,43.87211141437859,17.972620094026837,1,-1,4
-210.8700314246646,182.3280449018289,-53.27991363131197,52.37243793024723,20.95055530775308,23.906399601777853,0.0025293276310674,0.0028051797094733,0.0012760417547409,0.0002241599834865,0.0002993042353862,0.000130386802511,6.720853250236736,3.2278493902540504,2.489890807093103,3.640230257318703,1.970985201134433,1.3809561933262229,95.46905281282052,217.2764193551537,-4.3821949439085336e-18,487.549355,-73.594345,-561.1437,53.23267767264957,183.52776826798325,-1.3554500253272001e-17,241.84753,241.84753,0.0,8.657534194712703,5.665611244622967,27.144177549061904,13.642221361205197,3,-1,2
-191.95582344410985,122.97186141730596,-43.31418637947405,82.15019840752556,34.40368984750371,25.179199299633037,6.69926591630934e-16,-4.2423765439183596e-16,1.48667630191226e-16,-2.6437383914774715e-15,1.7012160505055228e-15,-5.966303142770402e-16,7.370941721799737,2.614843169454604,2.3393602186382023,3.733209384576564,1.4806568005792264,1.213816359141758,111.58701765576323,208.7958171336344,-3.623571869541699e-18,517.212336,-14.383464,-531.5958,44.63506533302181,127.69374524838844,3.819013888572197e-18,227.228164,207.36758,-19.860584,8.769453052541405,4.323984417892113,34.80595014377239,14.41990784027658,3,-1,2
-260.5649002893547,119.76566702713126,-71.73171665869108,90.1518217307724,32.273134371749,25.124175828195572,8.873577519972461e-16,-4.091244464037147e-16,2.5259288033877997e-16,-3.588131969135282e-15,1.654034158634275e-15,-9.947788350004177e-16,9.700815574507214,4.360261379324071,3.1380496719038256,4.883402761354994,2.356769753741176,1.6284605768333815,152.7308169240876,275.7198183377073,-2.6098843375201125e-18,553.988055,-80.890305,-634.87836,72.04390402919707,124.03777731252136,5.384788171362218e-18,207.97153,207.97153,0.0,13.052875681953024,6.84829075178719,40.606163795557066,19.112588335746725,1,-1,4
-257.0204504806019,117.44387831491431,-37.76624009836942,109.1525460198562,33.907759256349905,26.32977663393102,8.862461968871447e-16,-4.044786421839584e-16,1.2591651997924183e-16,-3.542891546167849e-15,1.6306752902298938e-15,-5.283220481034397e-16,11.40483534153038,3.905916188916001,2.847192424522959,7.178787611864836,2.33801395640781,1.508438854352802,168.07598116734695,279.23787398536814,-3.718239968110735e-06,565.118857,-59.775543,-624.8944,64.773815945034,122.24074889919068,-3.237357387606192e-06,277.24774,211.98953,-65.25821,15.69514596424039,6.443029643203408,44.75817203582577,18.94131159636665,1,-1,4
-291.4241546994172,141.26356051473107,-4.057863278719184,94.34313963225313,35.7048668574865,19.69444244656413,0.0013089205106865,-0.0009478343573138,0.0012082409558701,0.0005627736698454,-0.0008999857752069,0.0004010206683463,4.0081712213225575,2.963605281495237,1.8342765837676047,1.7845199948668795,1.3088383245798425,0.8182029257128935,56.86829954999999,306.3146518499248,5.440193238796896e-18,504.32197,-153.26013,-657.5821,38.371768716,145.70597464280564,9.709987370224214e-18,229.375053,209.48538,-19.889673,4.488793615320566,3.4070113828343045,30.994811447110735,15.932234318872409,2,-1,5
-203.06487857808904,146.2193929316433,-59.79085781168558,64.46710962985318,28.81534424047817,24.22094900314561,7.061474762627857e-16,-4.998245510995848e-16,2.0486994681698096e-16,-2.812148777961636e-15,2.0388464587595078e-15,-8.176635643351493e-16,8.884408212245544,3.4255562863050693,2.924681873640602,4.929749232395926,1.777033680537166,1.4419566919058833,131.2396379355828,213.05246568852837,3.1612596796824152e-18,523.2484880000001,-54.812912,-578.0614,55.92970202907975,149.0316574859032,-9.640662691400738e-18,225.08902,225.08902,0.0,11.952151895353,5.345331305993048,34.302927431534684,16.542033436055597,1,-1,2
-205.46136694256052,131.41488458632423,-53.88419529267941,72.70489617280383,34.77661164605615,26.522932605333864,1.885369532500173e-05,-2.31949598088106e-05,1.3783256942781496e-05,-0.0001005709861099,0.000122554077297,-6.97528774001526e-05,7.911333998884669,3.045847566146143,2.5735016573894,4.288209460572667,1.5708879411852292,1.3484198707330397,124.71077902396166,217.9458080198004,1.7198829002487737e-18,544.480523,-9.646477,-554.127,50.28761593645528,135.9385324638218,0.0,234.956379,223.22546,-11.730919,9.921832164812349,4.42810921922502,33.917754637996275,18.21738800453168,3,-1,2
-179.3201778270875,141.35548773258628,-46.203826985202,87.66093442823792,28.13619678139689,31.520310651644905,4.38398564459365e-05,6.18539522968577e-05,6.142596884015947e-05,-7.832747124661134e-05,-0.0001106927795664,-0.0001104601871134,12.381854784107045,3.4336922813806607,4.392759264084041,7.574236990744677,1.9791301232406977,2.5514297226844382,181.3171540998613,199.60001402998472,5.5187170394812094e-18,525.513242,-29.174158,-554.6874,56.87081967198336,144.1284825474786,-5.830473832993427e-18,228.35497,228.35497,0.0,17.446806341527655,6.257395052252667,44.96304953520771,14.448708193130033,1,-1,4
-240.920290007748,126.4188266347087,-68.71882763718277,86.09797229631698,33.09115164073463,27.93911437709874,8.303052418382982e-16,-4.380160985929573e-16,2.268297653427815e-16,-3.289106806278469e-15,1.766391672322028e-15,-9.521623132231264e-16,7.759503340892428,3.459846111777812,3.2593263663677634,3.6291613092749433,1.8611043128511164,1.6532629702102282,116.1635355400254,255.8426214901551,-4.824854283232449e-18,526.37713,-69.99307,-596.3702,57.17540454990471,130.67801668454655,-9.636960114250777e-18,213.00633,213.00633,0.0,9.3089729268809,5.369643928451332,39.90701529761802,17.66589617811193,1,-1,4
-193.69603284750752,199.75350317227748,-65.11294264397529,57.33329873385748,26.37906705187085,30.892726218703444,0.0001746848168465,0.0002462419494266,0.000243850297787,-7.468737606705723e-05,-0.0001051628775277,-0.0001037881183881,4.317471265673892,2.0223274233496444,2.666984014921889,2.030700729300833,1.0460727435483386,1.2964189035284672,68.83473215813954,202.00311949217132,-4.694505308322927e-18,454.2095450000001,-79.926155,-534.1357,34.687196074139536,201.4877594498588,-8.343337693437407e-18,251.24985,251.24985,0.0,5.811335593642531,3.633363516863401,27.33359159006537,12.12839773833228,0,-1,0
-161.64080360015316,144.401238520077,-30.3953394281834,72.18513189886527,31.05208342413974,19.261866693655676,0.0003981641869968,-0.0004891933708206,0.0002921824137075,0.0002473435300045,-0.000306431825705,0.0001847089527949,4.230562873558208,2.46477978707487,1.5565332062034996,1.9683275634541608,1.356966155654714,0.7842845317356079,60.388945365131576,177.02667215919712,0.0,475.467463,-27.229677,-502.69714,37.793784471677625,147.70223278986643,-3.03055267642356e-18,238.654213,227.1283,-11.525913,4.628254796521169,3.5562427233912484,24.409559771239472,11.25247727586413,3,-1,5
-246.44210024414645,187.068508243126,-72.79091278666448,70.38862496761382,29.60852159228777,40.14895961343268,0.0008976241679194,0.0008094830627917,0.0001036940383278,3.959941997258367e-05,-2.543136510974773e-05,-0.0001146841041908,5.531402463173272,2.4217637044362563,3.695085943117221,2.4979502365984225,1.2071898642298031,1.8305309939906016,80.0695520110011,256.29722452179874,0.0,460.00522000000007,-106.02448,-566.0297,40.75480511441145,189.3971787730468,3.098656665515707e-17,248.65857,248.65857,0.0,6.363616902348759,3.855314214612876,27.07500190387527,14.06624021582573,2,-1,0
-279.3626513092036,197.77292672110056,-37.29886390150747,48.454415534167,31.23186214879941,19.766082744867894,-0.000655270193114,-0.0005462057030298,0.0002862298588808,-0.0030886848902605,-0.0021574175491987,0.0006715079225014,5.486167543343531,3.156501292680444,2.6774212554142465,2.5762316445502718,1.485846027921847,1.4225475039638915,83.50160179767443,283.53363350979265,-1.371512799996549e-17,449.00819600000005,-123.061264,-572.06946,47.93839145116279,200.22377420554088,6.991530385878916e-18,268.84894,268.84894,0.0,6.554045980856423,4.104570501918233,29.029083877616745,16.834687431825227,5,-1,0
-237.88012099522064,203.8066837472027,-74.85299577110756,35.40345389579845,16.758708295320226,21.95070162434745,-0.008759505144784,-0.006607823404555,-0.0007406104994843,-0.0068633719158767,-0.0040161552252891,0.0014253571955051,4.466948487928284,1.8950657009805167,2.5357503861690467,2.1144701251885345,0.9849010006907007,1.317703496270225,65.17547108108108,240.5002214395088,-1.7068677354190845e-17,425.40296,-158.28381,-583.68677,31.928724476351352,204.4945442884967,-8.305077654169079e-18,237.619731,247.57034,9.950609,5.636449935338768,3.4894187022772,20.54503358183863,10.511900364733764,5,-1,0
-200.64401259085744,120.83405353153854,-58.1445381449063,69.17733237237915,30.846102944866946,21.58486193351467,6.949749885064978e-16,-4.051458174147393e-16,1.971914652122972e-16,-2.8508196915146245e-15,1.6883317993737084e-15,-8.025077612026774e-16,7.883321555596308,4.218507571159557,2.379977917024937,4.460970210665612,2.406332765432212,1.2524518271077043,118.55600978084416,212.2345945003283,-1.5204722956651354e-17,516.57401,-48.95439,-565.5284,67.7894652012987,124.7090636631839,0.0,196.8,196.8,0.0,10.980872299756555,6.491121041871788,30.32284460620828,18.37689938329986,1,-1,4
-106.7344104039712,137.28057455918253,-23.792465739663708,76.43652958949471,28.43544184750354,30.818692094101102,-2.044011379792229e-06,-2.8906942033207773e-06,-2.89004527696333e-06,8.066925487533619e-07,1.1404271472379866e-06,1.1401732321941889e-06,9.540211307193523,4.174951205332114,4.058969376902491,5.387987943934886,2.277650776024126,2.195381983270245,140.68296202405062,131.28129120316058,-2.546070418773319e-06,535.75219,50.29229,-485.4599,64.23124581567673,140.19461653131344,-3.347593777009489e-07,225.35364,225.35364,0.0,12.973953534135328,6.256188595525087,37.10089550387094,19.70555416952033,1,-1,4
-215.1783154220002,125.61695727753902,-14.463864886880009,97.28296772844509,31.1992484576124,23.123029810617883,8.370227247849492e-05,0.0001748689270131,0.0001213072240824,-0.0010672921885477,0.0012610174079622,-0.0008718013132796,4.766952356980318,2.4242301843194425,1.694899326678866,1.9578923459601505,1.2647741582887329,0.8272392954641553,68.15613877557756,236.14758782994903,-1.8630554769199722e-17,531.11232,-62.56865,-593.68097,37.934929399339936,129.4334309982815,-1.2433680318876542e-17,258.141402,221.12839,-37.013012,4.724435343177078,3.4874346645142174,31.227554074974204,13.78787396278312,3,-1,5
-210.83205167703323,127.37672756144312,-31.13303770053012,77.6107351696904,41.58365862386937,20.8046526539275,7.256606663081874e-16,-4.459083066333021e-16,9.925557205636715e-17,-2.7625722129233105e-15,1.781284295735433e-15,-4.273641161245502e-16,9.69138059607688,6.3289372839574645,2.4013695818880425,5.042722124128069,3.7015518881570575,1.35276581245337,138.0825616646778,224.66325963077944,3.279729275723997e-19,508.248457,-37.897743,-546.1462,93.66853543640454,133.99265423450876,3.839666680823351e-19,236.916908,205.42868,-31.488228,11.962333473573276,8.393911861437902,42.58689404680692,28.795172086439983,1,-1,4
-151.57092028611086,139.72914352741373,-57.05751906869375,68.90254031419633,30.81975568239677,26.119217015308365,5.140014364843839e-16,-4.771646668696699e-16,1.910372005600293e-16,-2.0823215486492106e-15,1.9338032429587808e-15,-7.929476066827255e-16,9.042405949508616,4.393682849993163,3.539158175733454,5.081085167757121,2.1328896812101226,1.8502398018913613,133.60675139357468,166.49715894911847,5.199781654534e-18,546.3582899999999,23.77974,-522.57855,69.7404049639801,143.08770349414098,1.389676720999327e-17,238.2145596,233.20851,-5.0060496,12.335190473740845,6.043602689160502,36.0495549793321,19.15348215984545,1,-1,4
-215.72256065640917,161.7296933521542,-4.233164168302688,77.66675624294899,31.734716817387287,19.393732449313248,1.472118683931875e-05,0.0001084647411776,3.466974516922583e-05,-0.0002997308198025,0.0003268857213848,-0.000298083211707,3.336732924915267,2.228668366339368,1.4978908994613551,1.4370603883281483,1.0971733689958252,0.7142479540067891,49.39835889250815,229.27788423975775,-7.26901814185856e-18,485.07213,-80.53647,-565.6086,33.08947057609121,164.8137917871608,1.4930948906158725e-18,234.995827,223.65334,-11.342487,3.791807475457796,3.0520781256437317,26.104312275444794,14.416625371877249,3,-1,5
-200.20845376602583,127.59013417694896,-43.8282192359422,68.34436840050483,31.49545869316138,23.88109445931313,6.848260893827581e-16,-4.3514991096196085e-16,1.4267210195474127e-16,-2.8139397008661063e-15,1.7623125543640809e-15,-6.073373040085892e-16,7.570153189690874,3.137923292664476,2.717847564354164,4.004139105018118,1.6765356773271871,1.4144210500617282,120.51917849246988,211.55230476514976,1.0054463350649083e-17,506.099015,-21.637285,-527.7363,52.53430970737952,131.41996141220127,1.3389939095407812e-17,203.26091,203.26091,0.0,9.51653331815672,4.697742517981025,31.091238251361883,15.898890788888211,3,-1,2
-203.1806028266028,150.29926779840048,-66.86835844792218,69.87820237065942,28.291417666501456,25.5692251103773,6.993961102529439e-16,-5.133067880606428e-16,2.3323611355310227e-16,-2.716638708162188e-15,2.124044911285761e-15,-9.300953517543477e-16,5.374847375340048,2.5673736525725435,2.1414657368173646,3.5133760692366955,1.5676510812731512,1.1139914332842635,92.62300277836412,214.8611657129705,5.9976300562444324e-18,490.35059,-70.37414,-560.72473,45.154493276781,152.93879237889823,0.0,214.04141,214.04141,0.0,9.016415578151776,4.75735047129235,26.208396460811176,12.723901756017929,3,-1,2
-271.8995269773904,181.83501585222768,-47.27804768948567,73.19713879191521,23.890863399679187,39.21390715779268,-0.0073051730154651,-0.0050908769654795,0.0012944389457405,-0.0053820674152852,-0.0043272114640243,-0.0003585881786117,5.477755450782726,2.3436275700402174,2.6104230090097795,2.49361660736868,1.121690925913161,1.237183750411681,80.29420703076923,281.57978247354964,4.0335996491233744e-18,468.65788,-127.35302,-596.0109,38.77317006153846,183.3977817313012,4.036936027643721e-18,239.96646,239.96646,0.0,6.300906869623173,3.6888553360676752,30.50763369415021,14.249705335091722,5,-1,0
-262.20857965590574,141.32293556184212,-36.32061084566491,64.22737474902615,29.057061913855517,26.690340758693736,9.156393226821673e-16,-4.880887298595023e-16,1.11380713063869e-16,-3.698383571045392e-15,1.9449354504945302e-15,-5.077606684327522e-16,8.35818838266668,3.1656073799611533,3.523309323604008,4.186957056387613,1.4992279109278528,1.6997897706241518,126.43535850149853,269.96017282613985,3.519553193444138e-18,480.740745,-61.162395,-541.90314,51.53075406493507,144.27919102518635,-3.843308833265448e-18,227.17236,227.17236,0.0,9.529718256930806,4.426201931114587,35.38308221342496,15.995078971128564,3,-1,2
-177.54053877461848,124.51126088479454,-16.63004278108199,81.64920639606109,31.579663760115587,19.71574947882039,0.0004640060013911,-0.0005738676620196,0.0003527302374941,0.0003027814648824,-0.0003750884273611,0.0002323845680426,4.596398304323396,2.4500813404184982,1.7721129787278045,2.1060178955436637,1.287934970561314,0.9171529067312196,64.19341025412541,195.4155464989631,-1.3687900142222849e-17,498.908457,-16.367943,-515.2764,39.60551936963696,128.45360738540325,-3.059150213314583e-18,244.177247,230.08344,-14.093807,4.929480149851795,3.60992462405196,26.37374434160939,14.13966937019251,3,-1,5
-266.5178955012622,205.5430391348553,-48.38911185165895,46.77989491398647,22.951736353843376,31.06198324910307,-0.0048175839400471,-0.0019097677618026,0.0015014906533008,-0.0016888007558887,-0.0010630322161011,0.000586496595539,3.9003514989843566,2.24602402862584,2.3702728888216,1.9034964668738643,1.1460014349591048,1.2943700964678997,66.37668945554336,270.5922156873426,-1.415414324920301e-17,425.243104,-124.483696,-549.7268,37.222619420417125,206.8205094724626,-5.2294630638386274e-18,246.513535,263.58844,17.074905,5.975531259942194,3.6109416788497417,23.862512543075404,12.646982666669595,0,-1,0
-251.2738872531337,219.76219871986515,-54.478526187095135,37.47326715475423,16.22466228835285,21.46632087590463,-0.0051826919221161,-0.0038225096831872,-0.000195133047512,-0.0032433160579716,-0.0029692314993012,0.0004833081565747,5.1267070642998585,2.263214940977916,2.474947079947458,2.614742954325834,1.3130390585219782,1.3072126458685245,81.15661524223603,254.05277437286944,-2.076525734515912e-17,448.92051,-138.19089,-587.1114,40.23377406832298,220.3603041669724,1.878693575601444e-17,260.65332,260.65332,0.0,7.48735088569892,4.614955856740991,26.319071122367927,11.270657252039712,5,-1,0
-142.8523116482133,143.31299708231856,-2.8613800303402432,70.56000008614693,25.329546316536,29.897537207676645,-0.0031935798866256,-0.0011168893624471,0.0006004941866704,-0.0028417393332886,-0.0022694780741318,-0.0006413267886265,9.138136147747774,3.727782269037085,3.696998278828056,5.080711849391341,1.9870124110958445,1.950909290051064,141.141202418792,159.32826665534054,-1.7592717620464349e-06,544.2666760000001,22.791946,-521.47473,58.36218916911765,145.5341920282591,-1.1417912807675273e-07,249.333,249.333,0.0,11.303608908295088,5.288028914287214,35.70643829194956,16.221631534030372,1,-1,4
-191.53653573535465,116.30574251371446,-60.05821762224251,77.94236108941229,28.48717793325838,26.612991277378345,6.619985530699995e-16,-4.0376204853191783e-16,2.0544782681482743e-16,-2.630293954631238e-15,1.6187041667402614e-15,-8.301955857650813e-16,9.54104376223728,3.4926956818465515,3.0295212471217665,4.910207591891385,1.8798817110934545,1.5546084635404291,130.36264354367472,206.7879497787362,9.665733825153941e-18,491.777772,-45.832428,-537.6102,59.53879197891565,119.74366391700052,-3.3475734566890642e-18,186.285429,178.16544,-8.119989,11.96199635178957,5.614893022933186,36.1300182466332,15.48159934542824,1,-1,4
-269.96071869957365,154.52723454832025,-48.56202765218198,81.78811315154879,39.41621440075693,32.10735641321834,9.258070817657581e-16,-5.329543834704722e-16,1.6495080163362304e-16,-3.803216438526742e-15,2.179297095686401e-15,-6.832027911995201e-16,7.291067061639338,3.6028633791146047,2.988102244878377,3.991898136042526,1.9356458643966263,1.658164955799525,108.183476999,282.0781542297824,-1.841221315796052e-06,497.5879000000001,-109.8005,-607.3884,59.3016244976,159.47508951192975,-2.167389359385964e-06,280.58934700000003,262.0396,-18.549747,9.486975027211566,5.724914550126565,35.07059682269784,19.912738231097887,2,-1,2
-210.2053289702129,142.0640702896137,-19.583879657836885,68.28343238040246,31.864863996525948,22.856169290680707,0.0069274975975852,0.0048239205823856,0.0009521351816691,-0.0009296457410435,-0.0012475114040957,-0.000635579069039,7.007696586474494,3.078213596047425,2.255078871969503,3.301561313184328,1.5226502411818057,1.1708989815045805,99.23496836339868,221.0178894685325,0.0,504.995174,-73.430176,-578.42535,50.00928106705882,145.59385160359415,-5.48570999012186e-18,218.51779,218.51779,0.0,8.362067593258722,4.643140127187214,34.448233039410354,16.207234204251012,3,-1,2
-141.52426555614792,125.04790148148994,-8.890889533715148,81.47345749242457,33.74883788535731,19.897155084065396,0.0014627643039099,0.0014917987934527,0.0005141836109458,0.000921119223824,0.0009001793429669,0.0002354027284433,5.291847815115784,3.629623467414424,2.278528613638945,2.953310641948692,1.979269718826033,1.2893827068960926,83.03969655,163.3004654524199,0.0,533.9563863999999,-1.0424136,-534.9988,55.40092455357142,129.522051109209,0.0,205.59476,205.59476,0.0,6.997544932540155,4.968564362970759,24.951766789835,15.718132423132293,3,-1,5
-250.99047376388077,135.8299395776131,-37.86675668265497,96.0240296126316,33.49361928142672,29.436955109966192,6.040056900262195e-05,8.535765711412539e-05,8.516928750406469e-05,-1.3974660700574026e-05,-1.973671911510817e-05,-1.9656027252388517e-05,14.329177968898136,3.605710579373445,5.137662247155355,7.477641242458725,2.0083481191319725,2.726143592262276,195.96648943440596,268.73189647539954,0.0,562.388821,-4.369579,-566.7584,58.03785703908415,139.8985168549945,-4.83587286811726e-18,234.820337,209.37775,-25.442587,17.224767056240463,5.992523027191275,50.60856182131349,16.84315626078759,4,-1,4
-129.09365673353562,100.17661891252266,6.330475855208864,108.83273604318778,43.32072765814082,30.31786253724094,3.457221865185498e-16,-3.122652007264321e-16,-1.7983129863263277e-17,-1.836788519987263e-15,1.3891967819370881e-15,8.611688738783634e-17,17.957919065919587,7.967541447774347,4.555197555649612,8.307235610170617,3.269072796849748,2.2440378478606164,241.3368442796113,168.84826514797868,-4.811431120845443e-19,602.37544,98.00999,-504.36545,106.071559773404,109.14229437562508,3.658326956828488e-18,257.64227,210.3642,-47.27807,18.29723172356857,8.97626387090053,64.14429211128278,32.24412795342833,4,-1,3
