mean_mfcc1,mean_mfcc2,mean_mfcc3,mean_mfcc4,mean_mfcc5,mean_mfcc6,mean_mfcc7,mean_mfcc8,mean_mfcc9,mean_mfcc10,mean_mfcc11,mean_mfcc12,mean_mfcc13,mean_mfcc14,mean_mfcc15,mean_mfcc16,mean_mfcc17,mean_mfcc18,mean_mfcc19,mean_mfcc20,std_mfcc1,std_mfcc2,std_mfcc3,std_mfcc4,std_mfcc5,std_mfcc6,std_mfcc7,std_mfcc8,std_mfcc9,std_mfcc10,std_mfcc11,std_mfcc12,std_mfcc13,std_mfcc14,std_mfcc15,std_mfcc16,std_mfcc17,std_mfcc18,std_mfcc19,std_mfcc20,rms_mfcc1,rms_mfcc2,rms_mfcc3,rms_mfcc4,rms_mfcc5,rms_mfcc6,rms_mfcc7,rms_mfcc8,rms_mfcc9,rms_mfcc10,rms_mfcc11,rms_mfcc12,rms_mfcc13,rms_mfcc14,rms_mfcc15,rms_mfcc16,rms_mfcc17,rms_mfcc18,rms_mfcc19,rms_mfcc20,skewness_mfcc1,skewness_mfcc2,skewness_mfcc3,skewness_mfcc4,skewness_mfcc5,skewness_mfcc6,skewness_mfcc7,skewness_mfcc8,skewness_mfcc9,skewness_mfcc10,skewness_mfcc11,skewness_mfcc12,skewness_mfcc13,skewness_mfcc14,skewness_mfcc15,skewness_mfcc16,skewness_mfcc17,skewness_mfcc18,skewness_mfcc19,skewness_mfcc20,kurtosis_mfcc1,kurtosis_mfcc2,kurtosis_mfcc3,kurtosis_mfcc4,kurtosis_mfcc5,kurtosis_mfcc6,kurtosis_mfcc7,kurtosis_mfcc8,kurtosis_mfcc9,kurtosis_mfcc10,kurtosis_mfcc11,kurtosis_mfcc12,kurtosis_mfcc13,kurtosis_mfcc14,kurtosis_mfcc15,kurtosis_mfcc16,kurtosis_mfcc17,kurtosis_mfcc18,kurtosis_mfcc19,kurtosis_mfcc20,mean_delta_mfcc1,mean_delta_mfcc2,mean_delta_mfcc3,mean_delta_mfcc4,mean_delta_mfcc5,mean_delta_mfcc6,mean_delta_mfcc7,mean_delta_mfcc8,mean_delta_mfcc9,mean_delta_mfcc10,mean_delta_mfcc11,mean_delta_mfcc12,mean_delta_mfcc13,mean_delta_mfcc14,mean_delta_mfcc15,mean_delta_mfcc16,mean_delta_mfcc17,mean_delta_mfcc18,mean_delta_mfcc19,mean_delta_mfcc20,std_delta_mfcc1,std_delta_mfcc2,std_delta_mfcc3,std_delta_mfcc4,std_delta_mfcc5,std_delta_mfcc6,std_delta_mfcc7,std_delta_mfcc8,std_delta_mfcc9,std_delta_mfcc10,std_delta_mfcc11,std_delta_mfcc12,std_delta_mfcc13,std_delta_mfcc14,std_delta_mfcc15,std_delta_mfcc16,std_delta_mfcc17,std_delta_mfcc18,std_delta_mfcc19,std_delta_mfcc20,Class
-403.4660812399916,151.86655669904388,1.8431995862680937,41.724935470840265,13.451589386131655,12.742983245882467,12.438962570329116,-2.3297910719020214,8.25374555216431,-4.2832343759239375,2.355391192079814,2.186591029505142,-5.78070881563299,1.1344101761035212,-4.126616989934904,-3.1977818318202886,-6.209822892493567,-3.811822042706155,1.6948562783838634,-4.94074827958903,91.89582297794368,40.74009398246917,33.92961709609695,17.78022333887483,15.857397615649345,11.057580380871862,9.708963128017112,10.815051380275259,7.814637579141713,10.062429146478319,9.768857829167663,9.4866528410332,8.64538764586897,7.849560294622362,8.187024301352098,8.172403273465624,8.611618437136599,7.385745593360812,8.725527885837083,8.031747017163438,413.79913121217277,157.2361482017563,33.97964539253714,45.35533686377013,20.794285661063025,16.871683552161745,15.779472578234175,11.063148864437679,11.366304418464553,10.936113434259601,10.048803458831172,9.735387124125857,10.399967401798975,7.931108577403254,9.168224184243591,8.775761158331074,10.617055734193356,8.311391294789894,8.888609266409324,9.429737732830983,-0.276447031687969,-1.2505498707392757,-0.09362424069429286,-0.34192349043036974,-0.5085674448988247,0.39173892604856964,0.232650237254092,-0.04921644960891581,-0.14690040275026098,-0.2768111033196765,0.15809239453058413,0.567959258961795,0.8211783898349954,0.0008695332631652998,0.21062970431287734,-0.524360423432973,-0.43126025117046835,-0.007047081392119585,-0.08117490340814984,0.18416778511913728,-0.15951578960423518,2.7601384966352525,-0.6382064036644421,0.10940893610495772,-0.24149673928292126,-0.3066116356666213,-0.23473571047839847,-0.32488438281407683,-0.10839697644905888,-0.37176410321783715,-0.10965566094855506,0.9721498479807127,1.8610598576807122,0.46725893841049126,-0.045301979965998385,1.8792762358495638,0.9222397039768411,0.3537501022302947,0.1106868684678659,1.1302016275910018,0.011724797119928658,0.009013637440945198,0.0017702216638003985,0.0015026906827570114,0.001312225237699845,0.0010815572713435272,0.0007725959373578833,0.0008325744628278957,0.0003479406297811608,0.00047088666281208837,0.0006443224917472083,0.0002975797987704739,-7.446260151414307e-05,0.00017978483929312176,0.00025406514617804074,5.635409318241365e-06,-0.00017869518996222817,0.00010345336594913006,0.0005331280162387044,0.00011090011397736322,4.4741328759235435,2.1314483053262756,2.3209683003152115,1.5427932961299262,1.1367227664284718,0.9100514318587997,0.8591271290390926,0.9614326569490181,0.9000404011481353,0.8866849371738087,0.8701083460436053,0.8312941015897839,0.830283874108859,0.8395569351593,0.8308702169332453,0.8366656883492757,0.8033566525141019,0.783724774196517,0.8186603176734585,0.7862578399397413,1
-72.78805833282938,176.09677006349068,-31.069286226912254,26.955893970441227,-9.252547363867857,8.901952289614742,-8.113028205149092,2.393579676875675,-7.9392547296589875,-0.8498276151757759,-4.8292892189590795,-0.7405696618072745,-3.9639761913016325,-2.913747667483962,-3.7388923868897233,-4.266442254545502,-2.2131994780726716,-5.223048559357708,-0.7601144873032436,-3.4983765644992117,90.37573468637743,36.47105041343877,26.060842524881107,21.457912752445736,17.687309964728218,11.801786317520456,15.265653855956486,9.325924958498597,10.134258320817313,7.071976894498985,8.746870760732957,6.630040545772515,6.511252127847385,6.066186644565588,6.704514134571875,6.08914124866775,6.488499547633546,7.176782349713713,6.498927579168145,6.514755223886358,116.04255622816093,179.83383982180086,40.552041375946075,34.45376959691435,19.96122657826907,14.782655879475461,17.287608692570053,9.628192976934978,12.873808969200558,7.12285505761856,9.991485498429157,6.671272821776764,7.622959498620184,6.729676506079185,7.67657645447608,7.435063594724535,6.85557279221667,8.876172663291952,6.543228080472257,7.394638207119523,-0.3582993737923143,-1.397295516659668,0.0611577655728621,0.6803564815882993,-0.25482091557752257,0.7322796318580403,-0.0926836876122731,0.5937489355987688,-0.21337998766402894,-0.2569615052208528,0.1349492766524352,-0.08406025410909439,-0.045281416208160716,0.15620861363963892,-0.3158578717296982,-0.04671442743898603,-0.28565676368524967,-0.26326659231028093,-0.12257478093252394,0.16295402728826686,0.06613222989226619,2.933679596161543,-1.0985214337124125,0.48264005166359114,-0.44757054898815873,2.089998409244468,-0.8432360960618444,0.3709713366528371,-0.378377684796535,0.8539338255507918,0.34016776488484046,1.1122235759344212,0.0983220074612392,0.5560455687056329,0.2027953239765612,-0.02418392042958928,0.47330219919210137,0.31121455183881563,0.9753383332505603,0.7730323560424668,0.001727813417323152,0.0015440487254587299,0.0001698889081365503,-0.0001684926414698856,5.31608398953142e-06,-2.43184275065857e-05,-5.620894456690955e-05,-1.1322958477696484e-05,1.7439186351899375e-06,1.7016659580052073e-05,-5.13911065616627e-05,-0.00016042678719160143,-0.00011537178559578735,-6.212650687663326e-05,-0.00010284270803148896,8.761419842530524e-06,0.000199847080845154,0.00014336365165355843,-7.336998533543248e-05,-0.0001939557430761084,6.601390608982333,3.380139799525742,2.5924101448827312,2.0926699345368944,1.9606598032725675,1.5331282276641394,1.4534634856697637,1.2018910064675152,1.1533270658929418,1.1281765777631443,1.1128000079300644,1.0476007916067465,0.9248914436285525,0.8778532865702269,0.9601079653194953,0.8633156705682894,0.9392788604692028,0.9166742739337255,0.8891006057558832,0.9310732848440665,2
-138.06290847011843,204.33099107465856,-73.82077900784903,8.277801472956227,-5.980390792365665,-21.026048938052828,-10.64659102721726,-6.651346182782168,-11.655748348221602,-16.960275356227175,1.8569058289420994,-8.091823821027102,-11.830175727364775,-7.960330890267775,-11.383030205166175,-10.836064679999017,-4.074139592999115,-8.118717729127665,-7.936110831200639,9.923333838094065,27.802166905070916,14.784533048997861,16.525150338497852,13.636335170561091,11.786505315259097,8.72489729628604,10.205537448139431,9.122208820850663,6.980153344619537,7.471113944311117,8.28593342719821,7.771140347458096,8.137938892205517,7.566645922205339,8.17617132581675,6.802306592054322,7.556360618103575,8.713951774872946,8.531641973824511,9.801118239898189,140.834396295244,204.8651662216618,75.64778917480426,15.952167066250212,13.216912709708094,22.76441448349008,14.747979356718647,11.289601401928078,13.585985804183407,18.53290273346107,8.491454057905521,11.219101347720873,14.358938232111793,10.982759143065001,14.015104501959065,12.794204653726075,8.584707287617308,11.909934218964569,11.65207148513191,13.947561550849196,-3.2010827711903382,-2.5911449297293503,0.666012215389204,0.4459493365370318,-0.5956356921010716,0.05875378210816182,0.02998956582765947,-0.12322758684180475,0.077447041412619,-0.09436699065876115,0.29355183363321213,0.05974231312639703,-0.09804224409373183,0.053440331221873055,0.3006005124589414,0.1747839631622468,0.6062897732946995,0.09236239650302842,-0.34638811635359873,-0.027953530456287453,34.45329438566063,31.8194835841705,0.6870755816306127,0.6821558127364749,0.8501439914302709,0.2174957541465261,-0.5273330216753864,-0.10480023939804317,0.054763153239427265,0.2858828901772399,0.10726731983752513,-0.24707103466143332,0.12905079319200663,0.1522800495576817,1.1452444364316037,0.3578695505816172,0.7294312936531719,0.05926622338685883,0.3950615940115938,-0.3468065152245763,0.10360230917420338,0.04801931775728484,-0.015118673879824709,0.004073314739611031,-0.004770650967961208,-0.0024406912363302384,-0.0050553783708695175,-0.0017106842776496711,-0.0017688122205473382,-0.0008067825299993605,-0.0008101732615505144,-0.0008468063081515347,-0.0015538915570136329,-0.002109728943074986,-0.003126671265590804,-0.001906876626765935,-0.000263229113022397,-0.0006893398457173027,0.0006638752496896909,0.0011653752091978233,3.9932587458976703,1.917420073181588,1.6247840538463498,1.5905517029082554,1.3265272125755236,1.0270467954404783,1.1342767161078742,1.0843119439994857,0.9229950356480604,0.9623415145401748,1.0372151971625467,0.9187201374239087,0.946960798187666,0.952158957262127,0.969783836630812,0.8950841747083511,0.9815514499040097,0.9458227398937806,0.9336863838771572,1.0329912702411725,3
-275.2519880921446,189.90823521234344,-4.597255474569582,6.6333768505148685,4.312624097066248,5.919223919115499,-3.992127984746981,-2.4550797959002706,-5.299586650291982,-4.922029871283628,-1.078584503124048,-0.0865241146046535,-2.1492560769365436,-3.4702258573147136,-3.4210882721920854,-4.407468187794141,-1.9362605741548293,-1.418400671160389,0.926106801841052,-0.41783524070012007,91.01679423340643,42.452917047127485,24.093936724326237,18.22756515577112,12.658438250594232,10.929959630504353,8.326752251800833,8.61265131295524,7.615261996335544,7.757768454369687,6.832148185122182,6.898171605727158,6.898205173334883,7.262489365791595,7.0262195207133225,6.374647396868476,6.408918692121068,6.915619091858874,7.336551762776102,6.784078493107076,289.9098373308592,194.59544693357202,24.528606661901815,19.397056991946716,13.372912380880386,12.429852345425688,9.234277931136285,8.95573444463306,9.277814071039877,9.187456092162943,6.916761767897442,6.8987142225539735,7.225270672969482,8.048988712193076,7.814832417869442,7.7499616296352976,6.695023809759397,7.059578449711516,7.394772854950281,6.796933668133666,-0.8462256556397578,-3.023448165467444,0.23175798422089555,0.4711251625776141,-0.711107269698898,0.614520620333608,-0.3102382766496218,0.8197675456064294,-0.2333614382949677,0.3235752630119546,-0.18010145489906107,0.11808369815480574,-0.07825172859904805,-0.10676807386023016,0.08969187892390129,-0.03356165403375091,0.0012301249775673274,0.3103759617460705,0.44448555854403216,0.05499986083352444,1.8414157208246245,9.688479788910387,-0.2400501218051474,0.04418544290293136,0.5199591499904672,0.5031498410642632,0.31882213898304723,1.9634827401497867,0.050510883515573646,0.4625181077639775,0.05909184721782568,0.1848174198604431,-0.18699123548626684,0.001404079816645698,0.0014691823122561232,-0.27149044054633276,0.071703494170551,0.15561820651951974,0.36162972473844146,0.09330671760565812,0.0006169271541957152,0.0008714423822400814,0.0008683923861059768,0.0008633261747577521,0.0008562695874561862,0.0008472580594207234,0.0008363372982374872,0.0008235623366316244,0.0008089970037105897,0.0007927155540095043,0.0007747980377757192,0.0007553341656359526,0.0007344201984127074,0.0007121594537208882,0.0006886609018759145,0.0006640391187384195,0.0006384128777571685,0.0006119065027829393,0.0005846449799010478,0.0005567574278499297,2.6488351525621185,1.9366598110314273,1.2223272681755475,1.1662837837186537,1.2203743594817678,1.2188837090602749,1.0439165326146436,1.0852639536200044,1.0248145242599915,1.024003336159379,0.9756344307768996,0.9398009713004107,0.9334102660343879,0.964133455691386,0.9386075946062327,0.9151999331325564,0.9282178969874125,0.904215457015566,0.9079705248207579,0.888340833031459,4
-298.2618373310794,199.65600512908793,-22.471842056996195,22.058923951691,-12.785702554642587,9.088821069635543,-4.792429017225404,-5.250110846824251,-5.813082972825627,-10.431872192070907,-4.877294605899136,-7.764983311739605,-0.7268654618674926,-6.7755183042883935,-3.9775370212423375,-5.560045394740426,-3.176090314872245,-1.5207031270604467,0.9640508433299746,1.4849628676866509,107.7494738580342,33.09003493927269,41.01581180036094,30.369009116934205,13.874101134125207,14.938613248689213,9.984242325639714,12.058128429730266,8.981119915037624,7.360079837056289,9.144310236030163,7.366141662054407,8.806686202521671,6.988429186089226,8.71290004515559,7.076561870144964,7.359373707743175,6.595372086890967,7.431155817352052,6.771971526102147,317.12784917883613,202.37952168237948,46.7683707550008,37.53495491739561,18.867031353547084,17.486247002423465,11.074857592864994,13.151506572701518,10.698245116711465,12.766939047381104,10.363706497460226,10.703037364087281,8.836631443561581,9.733744951493778,9.577861345427074,8.999546249315248,8.015480712873487,6.768417168377846,7.493428508385887,6.932871920693932,-0.9858749665063911,-2.053536691765132,0.9557735800458818,-0.651477250519197,0.059790262327282684,0.44770655179424906,-0.13631498656627736,0.4398572908807054,-0.37892108240440253,0.19074574710419057,-0.3817963496505522,-0.2743676586219664,-0.022568079619068905,0.11429743388561805,0.08046907785578858,-0.08507047738998752,0.37708083006409526,0.08986925661743476,0.09261066109902413,-0.006506278822350502,0.056253046387307215,6.998181854326514,-0.612723048826576,-0.5513717419318676,-0.4125589556827278,-0.35203708959083135,-0.11942933682341872,-0.011714728019454945,-0.05923696665947409,-0.023108097489939805,0.04418535305083582,0.11355031520321424,-0.29911784600487445,0.010539783856359008,-0.318263824307059,-0.2583871630698833,-0.0425499199861572,-0.26388611820155905,-0.22052252470134182,-0.1627143712099568,0.0022465301480005103,0.0030797086211089226,0.002877247530300352,0.002749140092271053,0.0027826385041720258,0.002875368411596294,0.002820020439734468,0.002495395965040522,0.001985841300322816,0.0015169239914124204,0.0012659995130641561,0.0012206088510262824,0.0012094955764662969,0.0010692965491199409,0.0007883528372617279,0.0004991717290943519,0.00033830089938487065,0.0003141912275412635,0.0003073224827943272,0.000194881783299828,4.3451679084993735,2.570778939198395,1.4557679208225576,1.599940210177717,1.3567628246668577,1.5073032308812429,1.1293390747263568,1.2600996911552567,0.9381206021266845,0.9880297352400899,0.9489108280115887,0.915450184304194,0.9225106038395161,0.907673051988604,0.9846997936667508,0.9168983279503181,0.9611490910286902,0.854067362428781,0.9010103429964507,0.8455364250546876,5
-408.15407434256923,141.00450862143228,-23.992687959352843,18.88772777355791,-2.585767091654616,5.747460015611757,-1.1760407920515952,4.722823905257873,-0.04486274885213292,1.9395497737721834,2.1707428040878134,1.7144939598394662,4.065483444718982,-0.9955320093476449,-2.1025519059738267,-0.5504742727765253,2.198360092159007,2.00648408588128,2.788419343836276,0.21286703012521532,110.66264489472324,40.295286906836374,33.08767393004643,21.110275884427416,15.290858607521658,11.840049361140734,11.214039849241665,9.443889152973743,9.62602274461084,8.622056977603581,8.853636891108978,8.160037047998511,7.246824090143937,7.399288761513835,8.996078385441619,7.4885980474218545,10.088262421211287,12.26039647900939,11.032492794604664,8.109123249975566,422.89002042793345,146.64917864916865,40.87105628211641,28.326489517140306,15.507951135063097,13.161309414541831,11.275538199347682,10.558982336083762,9.626127287024664,8.83751774255545,9.115865867875943,8.33820689135469,8.309308938339846,7.465959962248778,9.23851453613208,7.508803009857048,10.325009722708199,12.423497905557916,11.379419128412746,8.111916682006095,-0.3209558179975467,-0.8987808362425863,0.07204691220817948,0.5722429076313734,-0.19440017395905554,-0.0069509329518163115,-0.629913179858515,0.17963502924308242,-0.6740839137888844,-0.5750900016052787,-0.6188339296314957,-0.406233208151939,-0.33516958253471735,-0.3593416121976199,-0.718164193942587,-0.6602782109845342,1.4670712828836876,1.5382989953740358,1.0616317460534799,0.16620680043420244,-0.7076864017651037,1.6518582370670662,-1.2004807308292924,1.144627774297592,0.5328002374604237,2.720966252801616,0.7415217071297846,1.2993518529511086,1.369171493282403,1.2402641863841817,0.8831764011252758,1.5615581530519913,1.6708679009241676,0.14449191344978196,0.6970620519568671,1.1945405257335118,3.365467343426327,2.5583838903636673,1.4874297387221338,1.0288686154149858,-0.014422356402509962,-0.005224697094883216,0.0009198340639067512,-0.0019779635400379806,0.0002879177760009563,6.0193591121750796e-05,0.0006954567845445476,-0.0011095137908671022,0.0005637121298270494,0.0007591156276652416,0.0008858028146469965,7.961609778488219e-05,9.722636638236124e-05,-0.0005348291267768305,-0.0001343435230099444,0.00033291817845297665,-0.00023103662861289836,-0.00014628347462095472,0.0002209523825070976,0.0002649840541340958,6.984040767806102,3.4156534647690746,2.857855871303037,2.376704697215211,2.022457317823743,1.6245968109926705,1.5199521131541143,1.30706709281147,1.2822621859581946,1.1777615479632837,1.1405944874731841,1.0106278021539354,0.989833417470372,0.9166656150190288,0.9377310226572876,0.9345185562562963,0.969551262668054,1.0012578329457495,0.9902226214358206,0.9389017027485429,6
-122.24264418821208,156.20161498892654,-34.29570037760228,47.69461649369339,-11.275343860451288,23.757362227606105,-13.023336853503977,8.74746987475626,-7.1754836458215285,-0.33567763259915234,-5.124199322488929,-1.7109161353119098,0.4140406503033662,-4.765823730818675,0.9093367671960698,-6.359384068450036,0.8556506165381945,-5.857954205944346,1.4095671393063745,-2.9812161327612383,105.74271908858017,39.43989551708015,17.862671598604347,14.361804652846926,14.07962851706395,9.984251374781108,11.030203444905032,7.893167957156411,8.738025050737956,6.950909447228469,6.8959061360291605,6.141054251671022,6.194370705031513,6.056400188683624,5.930272082292202,6.324314452074965,6.239107391386491,5.989719860108366,6.479658085896867,6.93119137927123,161.63163891507176,161.10384813388848,38.66872251613518,49.81001782138851,18.037996517072987,25.770089940248585,17.066712947601513,11.782203936855325,11.306663846545371,6.959010103211342,8.591329357760673,6.37493383056149,6.208192820093156,7.706689242386883,5.999585012831233,8.968763516716251,6.297507365524538,8.37808877259709,6.631202638310878,7.545135092648741,-2.8131409073130955,-2.4794027242745806,1.5740782254507597,-1.1496037278198532,1.064587922042907,-0.3735546099505301,0.48285361664874227,0.09852649081298101,-0.276802136142525,0.15047846414273527,-0.25369395278599566,0.01726081009113214,-0.21759073144141147,-0.25278516486172875,-0.04701412420153594,-0.09471208210767518,0.2186724635122278,-0.05084541533276944,0.1396663914874873,0.243887927122301,7.52639495303341,7.252978681095154,3.217590935083245,2.443574236952366,1.5973042471926924,0.11015422897204097,-0.02361574970552116,-0.23615408845339436,-0.23216751832933236,-0.0093977201175508,-0.1325480916985522,0.09364274744716461,0.2776462137008515,0.4039222073219402,0.3277298261539685,0.0031270284826216965,0.3365807431967247,0.07483121307340745,0.23454379902828482,0.5159921913554659,2.2220956082987363e-16,-4.737285481291966e-16,1.0525302833280622e-16,-1.855111375886327e-16,3.5122587964190113e-17,-6.692955142657762e-17,3.274503405082713e-17,-2.259538333137588e-17,1.2310752723401202e-17,1.5613881980982262e-18,1.1586937731379964e-17,1.1627855938370402e-18,-5.326230047509118e-18,1.606290114459968e-17,2.96268475596611e-19,1.8524178593780442e-17,-5.980810352189257e-18,2.932925182446053e-17,-6.011964754893112e-18,1.0876289154630005e-17,5.027462092879388,2.2022678111807834,1.2283924815244915,1.2445764995182649,1.491998329847817,1.34381325286005,1.2206156166624396,1.1952000032784427,1.0418425372333684,1.0387441291244521,0.9531252537140494,0.9502792722621386,0.8368598796406129,0.8957887838093853,0.8459713868009795,0.8471377035439788,0.8593087829324701,0.8252581549587369,0.8639787726574671,0.9280245804413926,7
-120.7065524746187,156.67340520031723,-26.489226408761006,46.564453327121115,-9.939129019684913,18.696626271807265,-16.864382252191497,7.789354059476245,-7.508915869890631,-3.222704810755346,-5.74983159302358,0.5040072071592995,-0.5216218215564169,-5.711406606771199,2.2937973870218333,-6.01418677510221,-0.05765352583136495,-6.022155117989358,0.9204881946932694,-5.8938930100171065,90.25677009992411,33.38967245967252,15.820246667839951,13.255654742083106,13.135853296396519,8.48338113856274,10.994772769905536,7.688579930104876,7.274432813446241,6.653048615703273,6.358172830208185,6.4310351092637275,6.111237858161149,6.002037019319039,5.783388278723418,5.9017790934309735,5.738914402924998,5.502721419570955,5.469662342465696,5.760712768826005,150.71946244323775,160.1918416275531,30.853838016783246,48.4144678406667,16.47230789823924,20.53123448528501,20.131875645599692,10.944784054767407,10.454720957464044,7.392488226583575,8.572451521410278,6.450754672241949,6.133458851557257,8.28520451221008,6.221662674493319,8.426235163670261,5.739203991246597,8.157591267434917,5.546575939907161,8.241588828523502,-3.0672669705282765,-3.317619300700633,1.5485288605164182,-1.0646574127264676,0.8050741661113366,-0.1275308353399147,0.6145374342719991,0.41286391280437695,0.029107762019022404,-0.01729637723434775,0.06472863783477992,0.02331053921406421,-0.07255560149665376,-0.2074167386278146,0.0681853660828658,-0.12415509138342398,0.21915880190956458,-0.11801317170155902,0.03367084782112709,-0.0012843230096757498,9.661423192255178,12.60607436264488,3.756672226979063,3.116220342699214,1.64892095599836,-0.020779722428425185,0.27259354683975756,0.13346567982644997,-0.2480079348269748,-0.05653270122936105,-0.060815110275369566,-0.01580920350698589,0.08767470030063196,-0.06887832843910235,0.08413464974164109,-0.09552262531326505,0.1394113461260189,-0.0029485634915560333,0.107377538937377,-0.22455934134574163,4.573767228173969e-16,-8.33111327487736e-16,8.910679482166725e-17,-1.4600798915731548e-16,2.7883258308023146e-17,-8.280065357070878e-17,5.504476346568973e-17,-1.3168299743673108e-17,2.0554397560350284e-17,1.1120973813903526e-17,3.0037510630438144e-17,-4.339953583843354e-18,4.160380142077081e-18,2.008109102819925e-17,-1.1602771559588165e-17,9.88408704250817e-18,1.982855604792199e-18,2.1810153695153654e-17,-2.7099550747810273e-18,1.482691678723759e-17,4.759994873124577,2.0975622076356033,1.2737158195352813,1.3099543239641724,1.4644416343068332,1.1376082390882742,1.133607457975435,1.0359963966197239,0.9459005323477654,0.9380702410805912,0.882508169019798,0.8968650831534372,0.8265676965846779,0.8696831848391804,0.8367846275076416,0.8347404405620943,0.808557546511154,0.7879746605038469,0.8098115959292191,0.8601844890692132,8
-206.64196889036128,159.5722557780609,-7.838996189851592,30.541037619753926,2.0746121253358782,13.34641379027428,-2.5617078870639025,6.913270992550212,0.11855763160890204,2.939498957675019,1.2857894969763468,4.6259359356962,0.7505226505313318,0.3860989327388849,2.8200629188152395,-1.5383998404446861,-1.2020726323403759,-2.497526172563831,1.7545784717751625,-0.24211561166557866,133.22461154789417,47.95223667255755,38.88432733521149,22.183172805527132,16.813394815057542,11.981655125762284,12.518723625457845,9.162338492934467,9.1682013617633,7.72809513221446,7.644555464734386,8.027802507339338,7.080548185331977,7.15523330347833,7.169438479654417,6.077442422116824,7.955203981183659,6.9932599183891275,7.769262465188545,8.05485566020585,245.86520784562438,166.62149265926047,39.66662039519338,37.747160616543255,16.940904954505665,17.935629919630067,12.778137129849586,11.477881445438646,9.168967887491565,8.26825909697613,7.751934138260928,9.265252094682001,7.120213961235238,7.165642749472473,7.704128956580745,6.269129163067667,8.04551110841705,7.425854918377292,7.964922150693315,8.058493635671791,-0.9614962733232981,-1.9458567707856032,1.4957742462792796,-1.5603008311641113,0.3950185524389447,-0.5049628552958638,0.5977928797751972,0.17412183900096162,0.2496382868492655,-0.20480809705725686,-0.1939496682364516,-0.4255423149284956,-0.24109038721126658,-0.16483848454436975,-0.5895484458047239,-0.1944382007312534,-0.5332393812684665,-0.43724927668247693,-0.0711667101307457,0.18725089199988848,-0.3685477115114031,3.9657987924676457,1.1129519230784064,3.7490973380884256,-0.16699625838809906,0.11603644930143986,-0.055333877547013355,0.033004580528703364,0.20310616589431563,0.057797003458774476,0.07955061184372525,0.6652389537413073,0.09947978443663308,0.24669252975600964,1.2952984476491407,0.44688742520822666,0.6411318775004919,0.6865851754165431,0.1420600254638691,0.3645876713756193,5.886734634908458e-16,-4.77531477138903e-16,7.244649365757013e-17,-1.1762542845464405e-16,-5.5918360771107636e-18,-3.6300783828698496e-17,6.494570322172227e-18,-2.2605895876931388e-17,7.77471451140926e-18,-8.200926131098101e-18,-5.615482249782142e-20,-1.2402011208014715e-17,-3.835788474878754e-18,7.06289118253095e-20,-1.199182170859748e-18,3.2923135111730982e-18,4.163429224200984e-18,6.119211518997609e-18,-6.156635167071622e-18,-2.9299194671554556e-18,3.323555067087359,1.6407376534041922,1.5878172010408786,1.3180014937272868,1.0697799155665069,0.9793385314271327,0.8725745166888824,0.8527445064277486,0.8269354843322635,0.8493524185495467,0.7980624112649665,0.7563315181533601,0.7460840081863447,0.7684450439605287,0.751061824563355,0.7453325234481536,0.7453274434868651,0.7160688842356987,0.7461770932674097,0.7573807132118693,9
-118.67266024429568,159.27723157901087,-34.40240043344806,49.133854623270516,-13.461740840803893,26.837074056906964,-15.702513694322326,10.826290976547767,-8.139100802217659,-0.35940940769678875,-4.410737957930826,-3.1150672342745866,2.352122449852081,-6.809121153961186,3.0276949798808044,-7.869601019425759,1.979587739255092,-6.637801091359349,1.9208181738403285,-3.2557468466010206,92.09926650573104,33.10380200809694,17.170535160831975,13.652839334158578,14.129562880817318,9.799998578853465,11.133684388157098,7.946375496246931,8.974197107259947,6.585596651358379,6.739262023764704,6.2097953214028045,6.1720799313040065,6.524545463326058,6.123985457199021,6.869624765682164,6.573521631763363,6.375010697582272,6.83125492748765,7.0793393289268005,150.21809205402565,162.6809706353671,38.44934893197379,50.995447757863964,19.51571196928101,28.570413299100853,19.24910035236646,13.429574075011994,12.115328125503389,6.595396756581356,8.054331875363017,6.947316158616018,6.6050776450776,9.430473179662307,6.831554345182398,10.446165067919443,6.865125946453559,9.203323569381892,7.096167017572201,7.792107087511207,-3.2415176932632837,-2.773581158252786,1.7049037116720474,-0.8011479475778773,1.0441424095589074,-0.38633912980051316,0.6037861689426414,0.06274284288800246,-0.32367152613624217,0.17739980689105664,-0.13853834085929728,-0.05058985945705767,0.02482359485857756,-0.2634353206007397,0.06088041107918486,-0.04112367027108679,0.09449705785948669,-0.07030070730727206,0.14174781186821045,0.1794914850573708,10.847095007810307,10.411270666613092,4.058387021077358,1.9792948535408428,1.6434377349931646,0.2899411468745381,0.34779054756747163,-0.2287026039778488,-0.0036252629951700754,0.1445106393824811,-0.08876750640363218,0.23232542869813066,0.16603952714361414,0.3292654728915285,0.1514663138114889,0.05193201581086049,0.20342762257039881,0.11555896123736886,0.023109865870110102,0.46489837856977045,0.0005510299710252241,0.0007546427266685391,0.0006829096058192601,0.0005703888440177086,0.0004272474912471976,0.00026678219494737576,0.00010421272214177812,-4.498746335872881e-05,-0.00016701580683323552,-0.0002515668999758508,-0.00029314756187369823,-0.00029161849329952064,-0.00025185523783653036,-0.00018270975884339893,-9.556708348425303e-05,-2.8595316913937087e-06,8.323552124834109e-05,0.00015181300332007546,0.00019405774441626415,0.0002039330132198519,4.70071838445152,1.9688470513463723,1.2161946628798301,1.3342688810702974,1.4568646376599412,1.3118031713662495,1.2061039963644706,1.2674438409040625,1.1366810384355157,1.0436588614432616,1.0041509291878012,0.9487535474698153,0.9594380142315122,0.9646251435730131,0.9330033362282556,0.8892956089487355,0.918443265935809,0.9339867167944093,0.9371266203430004,0.9822470246489512,10
-204.62653679724662,156.8929080792583,-9.828777894419504,30.188989257609506,1.3759335495897391,13.43511396811755,-3.1151087622230302,7.046479589094821,-0.11489095724142726,2.9594410947102503,0.877209148073793,4.629811936547409,0.7673448847330288,0.30883019367837206,2.6827999233991515,-1.4972556367746728,-1.021969955581423,-2.7153931306346957,1.6325743789526428,-0.430554882607855,139.73147440844872,52.52685488658425,37.38691412535549,22.188492443353304,16.72217818022225,12.180253848754463,12.42493765614703,9.077945815857214,9.276167075467047,7.564483852297261,7.531537689935935,7.973299648958289,7.0400737191788725,6.968253582916049,7.087391438305051,5.999836311688472,7.865848958108311,6.9225972132647335,7.84650985204368,8.043144092295398,247.7839875819123,165.4522743568161,38.65729197337207,37.46604154837826,16.778689943615635,18.134521530947705,12.809487825811729,11.491822085081626,9.27687854528853,8.122789394335276,7.582450518426748,9.22001441755245,7.081769280596406,6.9750938405407705,7.5781615731488925,6.1838345877706775,7.93196081822674,7.436108661860625,8.014550265675007,8.054659793955556,-0.9599714565112101,-1.8755786294730998,1.553751387425144,-1.5195527411275125,0.4607559641359797,-0.4877421526874582,0.6502533624717858,0.2000509917623719,0.3080276490933801,-0.19842412750098373,-0.18503544942792113,-0.4146483091379358,-0.24639711688189528,-0.14657042154711059,-0.5592390355535898,-0.24761491910597638,-0.5655673324369589,-0.4878562520924135,-0.09189700527699869,0.12964519290418727,-0.4085651401998218,3.118987826619829,1.410484019057952,3.479553429189889,-0.01770293475100937,0.04219430055630102,0.1114704212902149,0.015018449107796705,0.28916443804900727,0.18526441026964058,0.21139280095305635,0.6880612601893952,0.10118995992690749,0.27293581169868864,1.2065205844431839,0.4317744045042997,0.7590341748389768,0.8763036057813647,0.20695192058361878,0.41430837971821655,0.0001022984441307561,7.348007525879592e-05,9.714138314809234e-06,8.735056082024637e-05,0.00014249312308462766,5.856068190119287e-05,1.1598260481496835e-05,9.946412158178237e-05,0.00013604992471122617,4.3315900165001825e-05,1.5225461544671692e-05,0.00010916801866747732,0.00012562849481376786,2.8445075870763112e-05,2.0322655032993995e-05,0.00011590222536540177,0.00011168684641678958,1.4585946148641888e-05,2.6502165932337736e-05,0.00011923242692127203,3.2835603147278145,1.615780197688983,1.563508362625393,1.3151659972806173,1.0573203809923408,0.960841713700312,0.8534829905057002,0.8361394584958904,0.808932398354285,0.8333470395027489,0.7888777372771865,0.7531950803663143,0.7316794845526234,0.744105793109912,0.7376103787262012,0.7359888569838645,0.7229957999701501,0.6956792573850497,0.733965416267406,0.7508283423885113,11
-173.73928474612302,145.673283638541,-4.002234705462813,34.942935454382244,-4.2831296464157,25.696430813922625,-19.158844281293415,19.38304092148666,-16.33742860868981,1.8301437865243948,-1.6685769506855848,1.6647055748311856,-1.2702255408325316,-3.075423033743888,4.853742419977447,-5.178230903177944,3.505970157057914,-5.645229098762145,3.236399471068515,-3.350709176021266,89.49614994353259,33.52717854357627,28.870761447720174,20.263132944460693,16.456000363697573,12.55353976023018,14.78021247326931,15.289509102050262,13.230566807971904,9.059161019465718,8.97947760242346,8.040533947256167,7.660833973552922,7.464148688248984,7.119129121611911,7.24744560292864,7.308266069352276,8.88677572268793,7.137833968727196,8.216205955898864,195.43515527869948,149.48169542498405,29.14684801498747,40.39310949771022,17.00426850934847,28.59891461378193,24.19743777654636,24.68747382673449,21.022832149932682,9.24217640255591,9.133190409313949,8.211055401582232,7.765426588084242,8.072901738332478,8.616310981485677,8.907274726538764,8.105712780664406,10.528218953026476,7.837279840700377,8.873178252014382,-1.3212015162444903,-0.26220336492164703,0.9069741642544588,-0.40290131324943484,0.046959325188303036,-0.12344657880656322,0.1521224848176511,0.11682251700428821,-0.10754507527807455,0.18548653347918775,-0.04315134533620096,0.23506017633697457,0.18916438950275366,-0.18917794480759131,0.010689775487437056,-0.00145055274715191,0.05597587503227616,-0.07918910605191774,0.2259497478591065,-0.29787563695670627,1.4499515990185472,1.7304218082210667,0.11846927021757025,0.559569423644835,-0.29368489145184196,0.3562080772634797,-0.4190392940384742,-0.4597184066037263,-0.5655942432421166,0.14502429579363296,0.20963663279761802,-0.09185828035202404,0.11764950137450025,0.3481621274471025,0.20106112110704366,0.3094374069542387,0.029153363838421598,0.6769894890797832,0.29113023441392594,0.4869917305146574,0.004764748985115561,0.00633496710731714,0.005256612385066456,0.0038334314007146117,0.002435778619756456,0.0013145362357307828,0.0005270993841296831,-1.993063766012621e-05,-0.0004524681336525125,-0.0008185698631206516,-0.0010566982512751099,-0.0010564321911106507,-0.0007629829936504609,-0.000249472112001656,0.0002952338789077324,0.0006578852852087254,0.0007137974745845009,0.0004902297716942723,0.0001416361530585227,-0.00014567485704867277,4.8477279589072095,2.382803639991237,1.653847668853945,1.6789941724921835,1.4722532917205804,1.2726819402934217,1.3183274520503514,1.2232301328284478,1.2182857228985389,1.0491419873323922,1.0178529847281739,0.9799396642364685,0.9647269478273468,0.975391190550643,0.966634816664103,0.9025751288743101,0.9135357390665139,0.9338770890149659,0.8928803250409545,0.9305375669814985,12
-196.9370338664375,147.52173474540143,-33.955264717436904,24.74703448113697,-4.477073978583474,9.865215348901824,-12.035731887277297,1.361720213292383,-4.044110172719911,-10.302096339283688,6.783187254735983,-6.924087987504562,1.8951842886399222,-1.5234907667196445,2.2456568359457316,-3.8737085743841213,-3.379689808707358,0.9626189597303032,-8.548459979606324,-0.052447004680901035,96.87877227418473,44.01109176104171,26.158433503154182,19.986573099756246,20.279678676010924,13.580901058793426,13.762519028610841,11.610538743772647,8.927991810684611,9.568701071904004,14.669591176011798,9.707630919989873,8.81239636257426,8.741688205062028,7.806877259632135,7.859278840763703,7.06439103759402,7.028535761783944,8.283586780059581,7.497621481707421,219.47594817078104,153.94686882262758,42.862846911633774,31.810042751975118,20.767993610649132,16.785807917670915,18.282936637074975,11.690119411705535,9.801217519305846,14.0603424278123,16.16194711673495,11.923971340851525,9.01388113628197,8.873451233358992,8.12344183039376,8.762070646607075,7.831214716448456,7.094149012835032,11.903527962991012,7.49780491685804,-1.4617647334622041,-1.9459912591128732,0.7126274739928599,0.7375890655981602,0.08730984242587757,-0.003581335764760592,-0.24875918470687217,-0.18382254044346122,-0.11336466783292287,-0.2815612626002584,-1.0937415096045862,-0.17798517137603936,-0.5225765481702,-0.1605050153681958,-0.17060869846282015,0.004577527994460432,0.008075589231802656,0.12891310723721977,0.23638673726428572,-0.054531135329739105,1.5783729950342194,3.8776904274476047,0.08085266910429567,1.37538837352189,-0.08247726257301036,0.3906967662997691,-0.44599965199024716,0.3840853280482386,0.9276093396752358,0.43576743851102284,1.4413742414962494,-0.12038458735408497,0.6872815813037101,0.2991605054418489,0.04135967610117097,-0.21593192681510187,0.06468059254492164,0.5403997405030547,-0.14711212085969594,0.32946743701066383,0.002312893452474877,0.0031056075377534913,0.0026836544860742322,0.002181105486753358,0.0017672080088310636,0.0015035424146940275,0.0013205703140513345,0.0010904831716047423,0.0007437590134294876,0.00033779012784137966,1.819314775039158e-05,-0.00010011893413280294,-3.3703446569474134e-05,7.580703613419423e-05,7.555318048805282e-05,-7.099211710298374e-05,-0.0002520291595599995,-0.0003008322689031723,-0.00013759977180327493,0.00015840779223493846,8.217211771230598,4.428357125974072,3.1873587234927974,2.785858591981065,2.59811871608921,1.7191956550371905,1.7809302429750615,1.5867665056915947,1.2981536744534667,1.3294278632706298,1.3641049105851253,1.233525391540316,1.1658831240729246,1.0636568529806736,1.0497479390795807,0.9722407685054845,0.9650003023542646,1.009914511143399,1.0336528818772093,1.0340375147704879,13
-204.03755704224318,158.11539164020525,-12.24273300693876,23.778905565691918,-6.883634804946869,13.403012279155934,-4.807876887802546,-1.4573305066376534,-2.006177549079239,-3.659060137464232,-3.331176178717681,-4.218026156458517,-0.46461719384111966,-2.976784632744238,1.819396966215115,-1.259024968195737,0.6395739311821366,-4.24340283429633,-0.018775831910525915,-1.631278669555418,94.43727999158106,37.788287816167816,21.376066600399874,17.961375793593014,14.685546753750268,18.46848916136368,13.122922970401888,13.564783924447058,12.487193867976481,11.183537656149024,10.723567153731679,10.078767732936733,9.971143259992434,9.814159058850029,10.152173660653501,9.254252077650921,9.53229939193396,8.545036164374409,9.225738131284237,8.733737295696873,224.83265896211537,162.56823727165477,24.633731645528663,29.80012366250796,16.218807341616127,22.81941782909047,13.975936013568756,13.642843366487595,12.647322208865331,11.766912747024275,11.229052819995493,10.925809062538782,9.98196208408472,10.255679635311862,10.313914647539967,9.339503487190678,9.553731549029028,9.540655672676843,9.225757237153823,8.884775587936517,-0.9889667840386065,-1.674041488327118,0.7523021680703718,-0.45531632250581233,-0.13090890923873932,-0.17826056978024518,-0.30770051134884246,-0.35046056641907974,-0.12239504314183,-0.32938462930317647,-0.17458711141124564,0.015780901332730354,-0.2837098414956933,-0.2026318665741699,-0.17348830370098364,-0.1742791221816355,-0.13397383727625253,-0.12621455346473037,0.432252853917786,0.17546527479828275,1.1767608983223132,4.168703100514008,0.8348197727348996,-0.05684409588481598,-0.5254547126499367,-0.3286614940542165,-0.30722711791685375,0.0929525073505224,0.04933639355951591,-0.09438006610256044,-0.006976132512542588,0.328825311397249,0.002235333408446838,0.23334829743691854,0.33086334469576517,0.3701783332867574,0.04788017986747306,-0.06563433867421953,0.7634854843094074,0.8093882906220347,0.003597293973052535,0.003308393040300305,-0.00014190755982027315,-0.00192146424593353,-0.001114011967801634,0.0002844763884437755,0.00042816944382740267,-0.0001932661951930113,-7.999305274337503e-05,0.000861705170126239,0.001307893756797783,0.0005743495669458572,-0.0004085775420915248,-0.0004401675958363644,0.00037746204591527106,0.0009263394649186651,0.0005475959077445888,-0.0003184542048130552,-0.000852566458849245,-0.0007406123353969429,6.259509054120059,2.5709208337793634,2.004978804337888,1.8035351195714788,2.047849284467999,1.9773351383716709,1.6444190531440197,1.517819100344584,1.4026935368717246,1.340096372649183,1.2092437452480582,1.1731277945778125,1.1182997923734577,1.1784271762525413,1.138036476813449,1.2339402072918186,1.1485852472666402,1.0990352622851844,1.178883067646312,1.1040045519403137,14
-285.50445113666274,200.76033399364766,-50.620463210501384,37.06062817385317,23.7642370040949,-9.164750143608195,12.186041192353306,-9.881425382094651,1.744667136226819,-1.3043762864796766,-14.671000561363792,6.521487369960939,-4.006604294368027,-9.741079892058133,1.081621442070185,-9.486367449547883,-7.295562146852794,-1.293901675810651,-3.171984426618755,-1.2380843428350363,60.85645962256168,33.93139077884013,25.586601873911142,21.76903586351574,16.879691194373642,13.456646506473653,15.514770555844628,14.219452451741333,13.351970350209307,12.151419940096337,14.626354478181021,13.001181650780598,15.075301980073947,10.2490665729872,11.038251132131679,11.39833535620356,10.3362964609152,11.036756036427002,10.396845197571398,10.147912590741166,291.9183109992235,203.60759068715416,56.719533593813786,42.9811712621659,29.148978287483885,16.28109272730044,19.728347760069457,17.31575570424914,13.465473465463445,12.221227600257713,20.71638247361118,14.545120206899437,15.598641215249176,14.139731365234011,11.091117752505944,14.82947120703639,12.651650151917725,11.112342928216115,10.869952863972134,10.22315913939012,-2.973340562317664,-3.3447516403844806,0.216287960881089,0.4860336198482577,-0.3273712745615578,0.35054752190916577,-0.26283719474476797,-0.13060417403600144,0.2872077953635665,-0.7939274512847428,-0.5578288303974639,0.4895508266269155,0.332460929714399,-0.030400083593170122,0.5957436491142994,0.045858413724202296,-0.09441213951170903,-0.008535955425822361,-0.3550737808643759,0.10577554835757604,14.222681229554972,17.220681288244386,-0.31758167540971494,2.7995674981931176,0.5535295329825329,0.12417540071663735,0.1289029068417813,0.017637964122074745,0.740355948874202,1.1674912861497448,0.1953823311242795,0.30600120438337086,0.021936186786984724,0.42369028385323837,1.1893267640935674,0.08871651624211108,0.05650520085198174,0.49566165987099975,0.4700692403572764,0.00714487397984076,9.98779375785511e-16,-5.703691765252871e-16,1.1235962761263357e-16,-1.4108633114000825e-16,-5.738796550443466e-17,3.4958895174218545e-17,-3.638132283388941e-17,3.17052438714885e-17,-1.6819143294238556e-17,1.673784000386207e-17,4.863304483417414e-17,-1.5038829188144093e-17,1.451871608288517e-17,2.895916825073503e-17,1.0367309288754953e-17,3.063690343906477e-17,1.867088272085068e-17,-5.370647463219424e-18,1.6883730020238568e-17,-8.05434465411921e-19,4.016833788806124,2.6135803650668286,2.3735925125967166,2.3147597395561967,1.878082414910767,1.4659145761245158,1.3865513905890912,1.488432091704233,1.4779135386716664,1.3399654745141902,1.4033024810354178,1.3977864220528238,1.344003729441226,1.4077156576520027,1.2075248176914826,1.2067172395137984,1.22983915654632,1.264767851960884,1.1998459715925325,1.189334360432505,15
-187.31238651767652,175.23863439113416,-23.258880761822944,37.5948050942478,-4.135369120513352,16.02141259852979,-6.89745977116965,8.799982585922075,-1.2764623159663848,1.543500006891286,-1.8545009418959832,-2.2648931872332816,-0.5927074139171361,-2.3325294119562097,2.4284635998825768,-3.061994393841385,1.706960314190695,-1.526789191285851,2.881081631537321,-1.879974957986562,105.64872583045931,47.309634903935994,15.925415190811325,14.92162166282642,10.596454918580053,9.05633969318437,9.622391020164034,7.09349266686154,7.11988227488481,6.873606033793596,6.131903689473601,6.1967084913179855,6.886442759907341,6.703869105625828,6.466986656639176,6.772570480196634,6.902683831945385,6.117344059947582,6.869945858427964,6.872570933398835,215.05251315096464,181.51248039188138,28.18855057097521,40.447795528594874,11.374802618260869,18.40388410881453,11.839145249545519,11.302978887326596,7.233400282875413,7.044774813936763,6.406201417413653,6.597646343655299,6.911902485133325,7.0980669511497725,6.9079195039537415,7.432598507732454,7.110608806425937,6.304996715495071,7.449616598544702,7.1250640051339476,-2.6418373641858266,-2.5670178883142976,1.1561183589596573,-0.08563459038005725,0.44833354756075994,0.012697144958465209,-0.07188573078327828,0.2543641242276945,-0.03481038432930959,0.14130151044970835,-0.1493942855278839,-0.2168724502633552,-0.02247895150350869,-0.1433006386739859,0.06977070475631404,-0.14065780349612875,0.33251520331064593,-0.015581262248090857,0.11214252815545939,0.20111892822787977,6.205086918700141,6.5045609809868346,2.54201898682801,0.667715125148169,0.9898523895399975,-0.014164629014647101,-0.20329034317408912,0.05443623054837765,-0.06881662652261777,0.4381728891369856,0.3661273759641852,0.43978868053897635,-0.15985986279086095,-0.012867233183005755,-0.01831525209442697,0.10664654504036486,0.12029392882638801,0.1332997756594314,0.40756990628887424,0.181365610437636,6.150171357397171e-16,-6.016567844122994e-16,7.389205289469135e-17,-9.0461515690479e-17,7.691713456756536e-18,-5.1570793882000025e-17,1.3161069615750589e-17,-2.2303208332298596e-17,-1.0203943445531517e-18,-5.352557638805867e-18,2.067333807330891e-18,7.518639285932224e-18,2.7235291298426993e-19,7.987956976142935e-18,-2.3842825189324685e-18,7.33415071427134e-18,-4.7665077912025314e-18,4.944758260080638e-18,-9.677288299955697e-18,6.451525533303798e-18,3.6064637058254716,2.1785250211437,1.2754800307005232,1.3232884970782681,1.266361536726426,1.269626652343026,1.1199864463619973,1.0647474397790426,1.0210698750754346,0.9413840077276773,0.8926929853360741,0.8749666820454279,0.8699041391331342,0.868666491514367,0.8702121093606198,0.871955683250661,0.8675102052921972,0.8362412671204957,0.8837020251543869,0.8656226947170543,16
-127.03246978451038,166.18500865242652,-29.269438484790346,48.22138082665685,-1.155509598537486,22.594588097811123,-11.574186856648003,5.581354765340659,-3.6383510518243627,-5.169424225909048,-6.046828608339171,-1.7455251632405464,-2.740664116669344,-7.93983988754982,-3.0971831663204954,-9.381508628930389,-6.553126111787243,-5.030248886749246,0.7196838498830184,-6.3955438089549,66.73521777136403,24.718698555783682,23.105985702415243,15.65659516394827,14.744105651002693,10.721921741907362,15.199526900541128,12.878330665978329,10.565995190936897,9.211893701639662,11.684608196268728,10.13842143305946,10.505623109808827,7.658174012419725,8.82607823021517,8.035688871765869,8.359000634120754,8.041284695722295,8.400261818256473,7.860963324603675,143.49507890706178,168.0133064941551,37.29056991378834,50.69941361551654,14.789315531161064,25.009498538541955,19.104643922169178,14.035772930582361,11.174875961334543,10.563234940004056,13.156527084262747,10.287587047010833,10.857226014307157,11.03125952212291,9.35372655638476,12.352530097049609,10.621504292623476,9.485023111215922,8.431034542631197,10.133988602866355,-1.7073447471676781,-1.5537215806080753,0.1484362644398053,-0.056895804146485075,-0.17458212368143272,0.28539911391437167,-0.758558521800376,-0.08585258615122211,-0.10184029624906817,-0.30233645814952126,-0.695504080670093,0.18586292436327587,0.5900092614610425,-0.15856949833140288,0.3132757676703981,-0.1816600455936789,-0.05346183282120354,-0.17844182028559666,-0.4403281363912199,0.05523950338686441,5.56110839431739,6.257297877212352,-0.5619523524449872,1.3679382073477484,-0.035224444150570466,0.7219353107190312,1.0546293731883685,0.5164332708501833,0.23540957011468677,0.6765266017905187,0.32448033527204245,-0.1515785019193756,0.6660234475396134,-0.1764174704521766,0.3072878683358695,0.751766831013529,-0.23887184756161517,0.07726101272077379,0.5631459414033957,-0.24069631528321977,0.01717008109722674,0.011533361813425657,0.0035299460718784493,0.004011754483515651,0.0015657159369046624,0.0021307685165810157,0.00041089227259521083,1.0891285220697949e-05,-0.0006864217249830414,-0.000527285348332188,-0.0002431695844231058,4.961605815493456e-05,-0.0002929666253350112,-0.0009404737183150675,-0.0013161583512544726,-0.0014041115123187523,-0.0007692131320481674,-0.0007361275887177369,-0.0004579593481707537,-0.00046279648261162457,4.769752829821971,2.775557167743473,1.769777091658189,1.4498806695676818,1.3719970165506683,1.237656236550907,1.2896390680449152,1.2004850828031186,1.1830189201284278,1.1313498079155921,1.0341198036223929,0.940013369221469,0.96072483997088,0.9296765572381264,0.9232941981519314,0.9108294966388846,0.8886153900808543,0.9093613235870133,0.8770467832310965,0.839488093180001,17
-333.0316013078662,211.32827427970213,14.626445441693129,-23.831006667689564,9.604384246809001,-0.2747978846197763,-10.642934928090295,-1.6181706899247996,-6.909187509220013,-13.1522912821377,-5.386462498118943,-1.1474333424108456,-1.7819501944473313,-2.000709283208326,-6.873646558433468,-8.614500789873889,-2.501094387671897,-1.3005777168412564,-5.174245147051457,-4.142982916089925,34.12069594668656,21.094402355481897,28.42995229519013,17.783178683799107,15.939370242858443,8.382118488284403,11.099983757696931,10.35172296101346,6.43009138178787,6.578141088138404,6.421156498629311,7.21857571280902,7.713972829901892,6.104239212598599,6.025293827814518,6.442167031165452,6.162188144565826,5.602173478705601,6.301059351329612,6.198878701371837,334.7749533067965,212.37846717775335,31.971785902035787,29.73479986304585,18.609344977706062,8.386621741144083,15.377961610847525,10.477435022146615,9.43837630187016,14.70560118273477,8.38124268969293,7.309202322882603,7.917115845808737,6.423750773538952,9.140633606143732,10.75691126281952,6.650416217431168,5.751160759625517,8.153291469754048,7.45589730329853,-1.2686602235259785,-2.129611064591043,1.9941046475035202,-0.021250665356232667,-0.5926096233506768,-0.039017090392461685,0.8286666952833114,-0.38210073098665753,-0.013973614629696778,-0.21392467377103658,-0.020700103377405472,-0.1320368985833681,0.31539346059111906,0.07765343303256457,0.2588240790942248,0.11007173881910365,-0.19681243190033426,-0.1269120964176388,0.043791057456321225,0.0956850085913355,4.649519301244355,19.087250622699194,3.2165405882223492,-0.6544306819218284,-0.20129587591998188,0.03005328931492146,1.2775199064479486,-0.3421596408809151,-0.12047604435033898,0.24282881992236094,-0.1716600814883047,-0.154400471398084,-0.21325421173100834,-0.05633486565355783,0.024745807858625124,0.010649176627148815,-0.2209489688480537,-0.05760093426999635,-0.286797426788981,0.060879563253962043,0.09323037212690292,0.08581489667637783,0.01199707369143185,-0.011129758589619024,-0.002796040251969373,-0.0022380389509010466,-0.004582136860904244,-0.0027469161435739716,-0.002654996112549877,-0.003272939081957439,-0.0018063614925002503,0.0005712952613575059,0.00295997794108127,0.0026043915029135747,-0.0020523797467896718,-0.005607622846660179,-0.0030717728661918595,0.0017327561298154809,0.0023368007905471143,-0.0004392394237617141,3.525460669228123,2.9342794182162555,1.8409566537780317,2.0498566115138397,1.5275003186291032,1.0662795012934208,1.0506715434985114,1.2579259008203545,1.0125953960994676,1.036201620075952,1.005930089945562,1.1587636798303302,1.221705491746577,0.9377920028845576,0.966725154464666,1.012798133020758,0.9498315903037483,0.9037294365041932,0.9685041740006897,0.9235468069963033,18
-182.2889235423829,121.3623244110022,-25.70416999146219,44.57210213289953,-9.850779804549045,32.979509915907926,-29.13586935649357,20.67461852240531,-9.737624241958985,-2.5231272814111887,3.8086614163088677,1.3870832624154346,-5.5890552416721535,-3.7886840371867487,1.6768728789071312,-8.718428593714012,4.5818951105424475,-11.327163636939822,2.5899028373472937,-7.60779703887894,85.42092080522234,24.962072579368694,18.73313706897151,20.611264364239005,16.817284059687484,13.849379299347053,17.156995003187422,13.441431743385754,10.047685645827153,11.83961049546878,10.562658850210989,10.299266776866675,9.243473990519254,8.049122235084244,8.587080067119803,8.475826811335688,10.594880251971912,9.984379303616397,8.798008058394414,10.478519785649127,201.31066876212273,123.90286055575586,31.806206617496176,49.106990411123505,19.489969366367124,35.76944759526833,33.812148123094204,24.65992575737162,13.992044622389825,12.105475949446008,11.228341986687992,10.392251734727312,10.801821601372126,8.896206803405677,8.749276926188845,12.15938474099112,11.543190648934017,15.099419397330951,9.171289031672297,12.949052192458556,-1.9823081904335498,-1.4298100307477544,0.6550706557130461,-0.1796380481728999,0.3999880110925742,-0.5655471748176812,-0.15735221088456475,-0.2599274106033046,0.09536905811913708,-0.035410243619451644,0.2176793285336671,0.0014165547128314623,-0.20213927473783386,0.3223637169891521,-0.27598501936405573,0.009602885324615536,0.27145505500381345,0.20001733583178755,0.4238530442218496,0.14540177444722885,5.081666175873686,5.014140604305981,1.0561822364633686,0.35748016170913033,-0.19058169725803653,-0.12160259350720537,-0.46308655638517937,0.13427356730282014,-0.35066798975349034,-0.4861908079485704,-0.2989997000650737,-0.12062734304774914,-0.11634945265812346,0.423326765130851,0.07185426392299421,0.4431208391043042,-0.13545650556156952,0.14187824070180444,0.5621015416590351,0.3499437074436096,0.005047787900115361,0.00549621741385108,0.002170268141486897,-1.9618072959166463e-05,-0.00022729234248248536,0.00017329466551962866,-4.963233570135282e-05,-0.0006266045829163283,-0.00078074986672399,-0.0004836284712230143,-0.00024952666656241076,-0.0002750820758263055,-0.0003121659894432091,-0.0001897422410593187,-5.967479890001886e-05,-0.00010366916692730286,-0.00023262365621418032,-0.00020295455830984623,5.454249983055668e-05,0.00035604358794706636,7.5761415602821165,3.0456430558126724,2.1150070286931464,2.383286285725571,1.97021424072322,1.5924115196407167,1.9450647450292358,1.4268069294137067,1.2500507867396458,1.4512343460063786,1.3543935126202182,1.1612647460790662,1.2538984456143567,1.0579811860756814,1.0954576723711964,1.070816078015564,1.0605762460732095,1.1679455929190574,0.9938959279813778,1.111638196516445,19
-235.82832743805687,180.62389049388457,-19.23934958540909,28.67984974428481,4.187329372664557,3.45615629703235,-7.90535067225166,-0.51027998981173,-7.381195953360928,-6.59611375898096,-3.86731928390788,-4.175401269555719,-0.9971206110163862,-6.902311709698578,0.8409289343679481,-5.846728560147845,-3.70224528114124,-2.9998831311341574,-3.2839341741461725,-0.08748459417711171,127.43658644497947,66.33974358765586,19.4129553935662,17.403583286558582,10.762008534884009,12.048111274248102,7.845468400607638,8.814708727313716,6.803348382177788,7.086808161942222,7.381458026903043,6.724434805768142,7.941544373424636,6.717837791177924,6.966683536517794,6.202794215907609,6.871549614378749,5.741479074487518,5.6944208364692335,6.328414055997399,268.0579854937746,192.42128623523635,27.331582639543083,33.54725760128451,11.54792427149121,12.534033733247263,11.137591466569564,8.82946632675967,10.038306775108671,9.681506424394328,8.333191528257187,7.915301587358092,8.003897584801203,9.631783403213568,7.017253092959197,8.524018473756698,7.805434915787938,6.4779534394159874,6.573480989775505,6.329018724760091,-1.7240936072344013,-2.093700746548299,1.785591581581504,-0.3211828487112847,-0.08749994225386692,-0.23078913707202525,-0.09301566612090623,-0.39577916589701184,-0.31280965042709274,-0.4112226978751081,-0.5237622392093962,-0.3733399227883319,-0.45761947747706255,-0.2155179445065421,-0.07041150240893142,-0.18598209320418777,-0.21957385151017073,-0.07563025933728926,-0.10544287561159128,0.10256394266091443,1.7630400187033395,2.9424395412468627,4.674015790500044,-1.004422816467921,0.13992018862276856,-0.007668466368838001,-0.24435767945968445,0.5167552191663045,-0.08704968962195814,0.1422729837173704,0.3716832942385242,0.36585865503869464,0.3129229703933145,-0.38158107164939725,0.42202344250955504,-0.1638576197224233,0.1579550254442661,0.16144380975535233,0.007039736751265124,0.6652081607456792,0.013232144274766006,0.015836810798443617,0.009457466117593306,0.003997701467055462,0.0018247215225348746,0.0018442946951498528,0.0018290294840997753,0.0010712637831731928,0.0004193454927934378,0.0005305980610844374,0.0009882860243651422,0.0010950192064173136,0.0008592878019903944,0.0008401984903340375,0.0012572508754861533,0.001610806806222845,0.0012604332593800182,0.0002400538716254908,-0.0006506177677876806,-0.0006367186082532607,2.142340025149179,1.3654866535774528,0.9817856835725416,0.9577764806962389,0.9916404822378244,0.9803560313515258,0.8799931763080386,0.890814717664514,0.8321701942568636,0.84446672439379,0.808132364501583,0.8077256134711729,0.7969261107609649,0.8176716850069029,0.7590743075793577,0.7850818788066893,0.7700868707842392,0.7638587198259774,0.7658196877029738,0.7849733669427311,20
-207.98226211390883,164.02160401217103,-38.65957537696218,25.39161134633009,-7.196254194003732,8.279406462752792,-11.414091719042018,1.3883429200137738,-3.421052430330815,-10.47925663258584,11.860368442733725,-6.575833119986429,3.184285761929034,-0.12308790648566605,2.5784472902815905,-2.798406632513756,-3.557345638941461,1.6413393941554195,-10.104661604404333,0.5692153310582199,69.08673321574467,27.316015671109476,22.787035127965332,18.74534860853868,18.77502092566676,11.759956994794644,13.399001624357096,10.747494178452543,7.871839691614634,8.797299556706417,8.906777853098538,9.593619120365352,7.18808527697274,8.356585597668651,7.585491092782778,7.788901944469402,7.020331670476125,6.718222685433223,7.451883656130185,7.076518924193002,219.1565606146498,166.28064016857087,44.87551379371772,31.5614008120477,20.10690143169605,14.382112497644165,17.601554883027433,10.836795060322197,8.58309150956413,13.682371836126245,14.832364320021311,11.63095477802874,7.861822038348123,8.357492057063887,8.011745474454818,8.27635627443962,7.870182002875535,6.9158160080988385,12.555268064204117,7.099375055423779,-2.0226016873205923,-2.4505992686783418,0.9071721845897869,0.849829301832924,0.03760284958159001,-0.17661399745195658,-0.27522829115343833,0.11857354265116074,-0.10028853118227107,0.18842118637366653,-0.11546898243809127,-0.16410839467200955,-0.06004193267425308,0.0052708832357876104,-0.14383988451592364,0.14413127833884268,0.14484480754738463,0.2854132540176957,0.08680287628141976,0.20129834866965626,5.16617542437907,10.214807573378625,1.0709213324408973,1.9665207112802454,-0.40976405852456743,-0.2710887491768279,-0.43400094567398595,-0.3518313787049485,-0.25023877653427373,-0.18750565528298413,-0.2265982706533496,-0.484003340526852,-0.022434950060727488,0.044538569794217775,-0.13542168821546507,-0.23527830376343406,-0.0047843706151664556,0.25130159045066813,-0.2706857998166212,0.09828502664001881,0.07487151200029801,0.038244307660870634,-0.00677581006464546,0.00832129661168065,0.004147295196165872,0.002901372876727559,-0.006303467194233883,-0.002261586308329616,-0.002605498370322472,-0.0024179897717342396,0.0036375184908604198,0.0012054990849309044,0.0007969463263486336,0.0004348977095407881,0.0011608094222767197,-0.002217175477039678,-0.0012219528198840813,-0.00011432498328131423,-0.00021144602801303586,0.0008394826783325957,7.084814282653607,3.0689865292131575,2.8536643495480547,2.5600660943765354,2.2689444426057146,1.3829635696097262,1.4374589621421816,1.22797614237873,1.1342707628160753,1.132490810971106,1.188951118806306,1.103673346739879,1.0409189921617084,1.0354820173075747,0.9958329823961468,0.9681147785257517,0.9335071485707904,0.9829119771451582,0.9974614308131546,0.9925611728623297,21
-331.97658717646084,165.13734170504443,0.03859129860936276,5.392349364466634,10.613618620632044,0.203201146875035,-2.021142853552656,-2.7186641974277235,-3.4512871230748448,-3.520049338919125,-2.5001676331093483,-1.369515687829579,-1.7921833986116817,-2.0167514495215433,-2.056243710555696,-3.3657263868862146,-3.240947322986617,-1.4695447567934836,-0.220634336307739,-0.6359251749706738,95.9688872539541,63.93237081506383,22.184040995443482,13.567999171517723,10.091617509187898,7.993049667568658,7.502471280200841,6.970515672433357,6.460604382429506,6.3451576188471295,6.0257785541331925,7.253060230945002,6.735077325229731,6.233209955391576,5.748395743097915,6.019553672461594,6.298474134088656,5.337680139040299,5.1884199409303315,5.191079008895955,345.5697928842823,177.08102570135375,22.18407456207835,14.600275106543927,14.645464969606572,7.995632163519587,7.769948117246713,7.481926473710815,7.324670080772892,7.2561541160892125,6.5238673635428395,7.381223200318878,6.969446743543025,6.551350452932588,6.105095561616168,6.896603550083755,7.083397205307523,5.536279532224193,5.193108991134441,5.229885477212782,-1.289179977991509,-1.8225496034935569,0.43812711368770174,1.9234669160889108,-0.5733734272193146,0.9006382885117218,-0.5388650606866849,0.41270621741919017,-0.22631330690159762,0.04816849849240469,-0.158400448244209,-0.084993458114481,-0.20304803201782123,-0.35764795066869204,-0.15440317733407563,-0.3678151005969461,-0.16158577584044395,0.05093798006478533,0.01742020919933454,0.016128851680869145,1.0614203436994254,2.046338927070387,0.744106588503163,5.515446225335843,0.24609396124135285,1.8146987968623272,0.8462081764269089,2.4621889651494717,0.12115456874266872,0.07429637665170485,0.07028431030275994,0.33264743472637015,6.66117435184077e-05,0.7105904825397436,0.006880345450739789,0.2328478249793844,0.1605078921106462,0.19534336412616327,0.3533985938284716,0.3003916786158789,1.078598264188809e-15,-5.081647782423929e-16,-5.122544318424999e-18,-1.8243857096928356e-17,-3.982257925451833e-17,-7.00306484330147e-18,1.1273763130503559e-17,9.935364772993163e-18,1.1274100428476722e-17,8.832147427270599e-18,3.711036625231543e-18,1.3273518488893116e-18,7.026422727943001e-18,5.22845588199815e-18,7.77598314880426e-18,8.67403900235049e-18,9.67353722132546e-18,5.2991198073757786e-18,1.988540200781891e-18,5.174994153251831e-19,1.5992064946011197,1.1196440624605548,0.9004559659862206,0.8751583177072454,0.7922619430531708,0.776505754821576,0.7713547231075825,0.7960376968816547,0.7748964294072422,0.7681728153162978,0.7550703176089592,0.7786461585060546,0.7495108894880075,0.7563335644980075,0.757289116908349,0.7612687486804425,0.7305756557561833,0.7198451819403305,0.7243279695208923,0.7257787410716214,22
-141.6565210658443,129.61443786224652,1.9349697674335629,58.39568149547049,-16.60558497442588,39.3430551148373,-8.495424217388823,18.660435879415115,-1.4690492199202425,8.089514612637345,0.9653279933102553,-2.6937143896038327,6.65800068666479,-7.869311889382473,8.36059968725309,-4.473653173553837,11.07411608099503,-0.1382306462286141,4.651175144287345,2.2205811161453513,84.04609927238408,28.512114949421083,17.671743120431138,18.099365520340033,12.310737105906828,11.612218592716859,9.533258005710328,9.708074927544722,8.18958607206784,7.808353521061435,7.13811440411704,7.444758460808961,7.351461902187682,7.927962485020517,7.568004295238393,6.977709990773108,7.335309858021383,6.918393457285191,6.813935837344136,8.099473506046504,164.71283120443684,132.71338742280312,17.777362372280855,61.136262966911005,20.671228808022715,41.02096544956198,12.76930854967633,21.034699570200296,8.320302016294603,11.24324825741858,7.203092070835396,7.917103368817744,9.918314637222688,11.170436821193174,11.27715904575454,8.288667530585565,13.283177996569156,6.919774255086891,8.250039504043531,8.398360052327519,-2.1604401110155482,-2.384066804872561,0.010514435424166111,-1.090413701110448,0.33295039674916527,-1.436947573228453,0.7111389248212284,-0.03288194568981357,-0.1516230796185433,0.02740016288418948,-0.26544171838070646,0.04728749490061849,-0.04356022789986621,0.2652633121016275,0.12185618840810027,0.16677377995931483,0.012985868708971433,-0.12193677137587958,0.014254307059625992,-0.06342802666440561,6.537540054168076,8.284803873565679,-0.6368846916871824,2.2494476645683514,-0.0016925289966533974,2.588124100456282,1.665776986552018,-0.11968683172365058,-0.06571594715555307,-0.055324938320790995,0.12750220040372673,0.37663151754599955,-0.07419625644914385,-0.07035234640525845,0.469990668891354,-0.16372405743017016,-0.1146795092680164,-0.0892880487937644,0.2747511900030326,-0.17241128617588908,-4.290245361416941e-06,-6.054432675652954e-06,-6.02022980250467e-06,-5.963368641763748e-06,-5.88406193891202e-06,-5.7826092161325444e-06,-5.6593925792633746e-06,-5.514874925253391e-06,-5.3493895870737634e-06,-5.164190903663245e-06,-4.95934530221501e-06,-4.735833393171366e-06,-4.494497007795475e-06,-4.236244165146541e-06,-3.962047516474446e-06,-3.672937761806932e-06,-3.370162477598106e-06,-3.054386594839776e-06,-2.727273907860034e-06,-2.3898958707338594e-06,6.693012759420604,2.0697994414465226,1.699660455459372,1.5820887818844982,1.548346904570436,1.309482305929135,1.350988767683735,1.2741074868172293,1.1384200015410393,1.198353118305575,1.0589710962918961,1.1060428473957442,1.084300659168786,1.0268696121849814,0.931420331600143,0.9006813813069896,0.9066728835790008,0.9948045488572508,0.9034867608822165,1.1619534481254536,23
-211.44755964793825,161.9844403050222,-22.948357729540778,33.15484807021004,-0.5096524811383023,11.095570209726388,-4.619618093368883,7.30682883491363,0.15761330459762837,0.4881430556756358,-0.5760248569537019,-5.435940357737965,-1.608999262680926,-1.7326429766451625,1.2220229207505364,-2.437417761549381,0.6614492167447051,-1.3556694890236054,2.6219229304954474,0.9732314679099469,127.08629811707297,56.8592361913938,19.827902680822096,19.448098638337072,19.352961206961897,9.97120076881685,10.996223077578158,9.018821060182452,8.681425820928853,7.583389060042799,7.927466953363343,6.842248882457201,6.941729488901691,7.679145682542106,7.564189893778748,6.919074374412994,7.5261911852398695,6.465385177353896,6.877279075699095,7.172011690747895,246.70021818022582,171.67391077621485,30.327757042075103,38.43790435501394,19.359670790840113,14.917658095392156,11.927187149552179,11.607277068215199,8.682856456148357,7.599083713105239,7.948366934943118,8.73875376368794,7.1257621995402,7.872187122917121,7.662265250432381,7.33584320599714,7.555201441597273,6.605985562731442,7.360125497469988,7.237743514546164,-1.6752930267836124,-1.8468869199895663,0.576445686168896,-0.33941170345965227,1.7500643725504816,-0.3489130193962268,0.0337308631415668,0.8208396499196288,-0.4411239749659262,0.25771153815102565,0.603646538053696,-0.18873696350540572,-0.054469112751963866,0.23523353701396893,-0.2980899427291751,-0.07219298952358058,0.24484623563881447,-0.03842638381876525,0.21060712836386494,0.1643447032201718,1.5032442441188438,2.6063140262695104,0.8198213306015791,-0.25372687049829734,3.7961538471812997,1.8784683340675983,-0.1479829259042411,0.9063081216352575,1.3528237425284448,0.6419537456835598,1.584154110778222,-0.043635874514701634,0.09514125241948435,0.47452358955139085,0.5086135044962359,0.4829756345517189,0.48733126557050266,0.3135347252213352,0.493479360622072,0.19818980192873958,1.2412134880693888e-05,1.728982005960353e-05,1.6505200816222614e-05,1.5223024054860214e-05,1.3480688144329456e-05,1.1328842139160758e-05,8.829173410663968e-06,6.052707431247493e-06,3.077006872848666e-06,-1.5865206192746512e-08,-3.143354209622375e-06,-6.223995188986384e-06,-9.180719329893058e-06,-1.1943093900344445e-05,-1.444982975086034e-05,-1.6650321134012785e-05,-1.8505916838921847e-05,-1.9991672465629306e-05,-2.1095164733687243e-05,-2.1817928780070757e-05,3.328010999281187,2.1166872777770833,1.2870899282567851,1.3149968495167,1.368008502495887,1.3696117922752502,1.2196335973242294,1.135495536492542,1.0532922653143224,1.0081341963943025,0.9331912597081845,0.9298807622985182,0.9180733764612493,0.9163125318407274,0.9167628554087659,0.9064250638619534,0.8951448318175721,0.8850439609988778,0.9191497777376587,0.875085379831488,24
-321.18628664838286,161.55933130938308,-30.309446104884834,49.00911675761899,-1.5330342575288591,21.565465063397948,-9.113623445474133,2.8228630913397397,0.06778536804447732,-8.668707722834247,-2.5861020252729827,-4.203552086455921,0.021301997443601586,-9.144706608924611,-1.8891744051190007,-8.4869834098995,-6.086143915156615,-3.4501343682332153,-0.64067473066659,-2.9986586329618756,77.40824626581548,25.360997791497567,25.622768556184717,15.620160908345207,16.651990042607363,11.911467992020285,14.757135446351194,13.046266975372145,10.751779936648495,9.287103727026437,11.568063093575306,9.408137823627591,11.219301782880274,8.054266159098368,9.200806585298531,8.626699139958363,8.80951965218028,8.315302166749127,8.962032692896887,8.117690860339158,330.3826074734058,163.53775631980199,39.6886481461479,51.438146857799566,16.722409109152107,24.636403007045406,17.34448554693545,13.348169838038986,10.751993613383421,12.704203604337991,11.853607359030418,10.304509083499314,11.21932200582709,12.18592886590533,9.392753683187342,12.101604251142408,10.707417254321756,9.002648348303232,8.984903677784601,8.653834901422087,-1.5668169542049648,-1.6862751597471675,0.6157576008614222,-0.08590408595200531,0.0070237730993951905,0.22126756700943415,-0.11316471334468128,-0.06636435040921014,0.13474079260289717,-0.21257367831528345,-0.7037607317972294,0.31584107618402274,0.44071309143457543,-0.1480340395102262,0.4133217901695217,-0.07206097732696415,0.14587607074906994,0.01675682000113698,-0.47124306012110573,0.005135945093040001,3.2426823222345877,8.49578541647752,-0.046393499545425154,1.4405990020468735,-0.3024125245814253,0.47961214865753643,-0.41780466310910125,0.4182667890588623,0.46278770964905114,0.6102509377498002,0.5234134546301443,0.3783068142179893,0.4438366268398566,0.2072666349994412,0.5260040694956412,0.1578629245588381,-0.18456494722736183,-0.00017435511189045627,0.5491408602999908,-0.05063290474686166,0.0085630732772219,0.008973677510875163,0.0032083096242356375,0.0004899948064433069,0.0011338821196645987,0.0015144850939410686,0.0003475336666982131,-0.0004459426848874693,0.0001555463807767503,0.0009176180789357932,0.0008585842038648503,0.0004812684598070898,0.00031101251844145914,3.914250063050447e-05,-0.0005046139629279267,-0.0007984130240842076,-0.0005125140109387579,-0.00011909205070612274,-0.00020117510166445664,-0.0006627688470462048,4.815349382565724,2.6936952815900783,1.7616663121655503,1.4846466891762529,1.442405609830596,1.3284696092207058,1.323730291300468,1.321326885165928,1.2307345770710716,1.1958066732109605,1.0910333808364316,1.0151926208660063,1.0261543495489984,1.0221792043594335,1.0010859410765451,0.9927394672527322,1.0231747104285251,0.9608679430085125,0.9768683767750352,0.9442090267263956,25
-263.9210784995068,173.18697261048308,-30.393597780061263,20.763607584143926,-9.635015028692278,10.42885787562344,-6.807237207865362,-2.7956902427571753,-7.178863674265408,-6.974903549547954,-2.8848366318154914,-2.1978806798913886,-0.5257484655765634,-4.07400750391682,-1.4537706075408257,-5.473466068737192,-3.6940796109236413,-5.08857482290957,0.36228413462173487,0.013729768484259261,124.87681869224326,59.80989270497906,17.948759792884353,21.276410582326882,13.15365138384087,15.484467258387413,9.59958707160082,11.328988551371308,8.02087719428441,8.686240168655546,6.923466400642969,6.658696003091253,6.8839304567002175,6.834622591409945,7.571981955937729,6.701623563935724,6.841215340260917,6.504890071902047,6.843689651427437,6.935232420900621,291.9735527801096,183.223772331445,35.29771613176707,29.728993376434186,16.304970387300468,18.668952912952058,11.768200811907986,11.668841653332594,10.764318585933783,11.140020098413736,7.500444613027719,7.012054759100458,6.903977837576072,7.956733193276126,7.710276241510213,8.652779275950353,7.774860224059521,8.258764349215884,6.853272053497746,6.935246011386634,-1.728560384912232,-2.0272588738942803,1.1011704022356021,-0.3530776497937636,-0.1746930076146825,0.09856481152075036,-0.11260367584851438,0.359368530003865,-0.4674856927014937,0.33979228749319496,-0.2316649561488669,-0.0634966030741025,-0.07050890353499539,-0.1867485395177521,-0.24616360047332772,-0.2815651997900331,-0.21295562383509106,0.08674222616671133,0.07867449823733288,0.0158079626506836,2.3370687097954415,3.346366796354289,1.2046523336507766,-0.633444599780379,-0.8599643742547589,-0.38715257958371296,0.06542197773639247,0.6571709212963674,-0.13330804414337383,0.3734156439412897,0.03451340878534381,0.12192459143202772,0.19648494194955246,0.11800471855762673,0.33431075819679057,-0.16981890741452466,0.37195790485877067,0.07612144205255644,0.3931879353681702,0.18073983929372162,7.691408011701723e-16,-5.785191701716703e-16,1.288214198696219e-16,-6.402377259987387e-17,2.8360507018901814e-17,-4.037820980693365e-17,1.7476441749702895e-17,1.2524190770402012e-17,1.0697518404762591e-17,1.9539651779455802e-17,1.486085474710693e-17,9.539440939420834e-18,1.6031237640061527e-18,6.1609174248287626e-18,6.68184719377234e-18,1.1418325918056403e-17,1.2594605161742154e-17,1.9882836482880574e-17,-3.932267757169889e-18,-8.668490118378685e-18,5.13244922084473,2.6348126613593137,1.606341104706708,1.4796806252186436,1.3314582957483587,1.3568487121248323,1.1738007959350456,1.2820669042644166,1.065110192301731,1.1854373965864655,0.9385218633839654,0.9126623247640248,0.8683108717905966,0.8699428449481805,0.8486854637690296,0.8594555634478991,0.8790813057224564,0.8488987652936368,0.8631274793310264,0.8696467778782822,26
-207.68455958283934,159.9211454741011,-21.711607776743662,21.415355021130452,4.023456791458017,4.182881916490786,1.4719864621693497,0.6688175237660049,-5.563576733920413,-11.925390480409344,4.645576270127528,-1.2955805265268565,-2.854028242612083,1.9539194419398496,3.0217589644967098,-0.13833317823636027,-4.075127414051488,1.2409513192051391,0.5511723065357179,-4.135420673563615,59.91993002097881,30.250928274418037,25.229194245685484,18.633089899397422,17.275237600417878,14.76402574608858,13.795931977993861,12.515149376382602,12.868230267705846,11.429233578176346,10.265346958140467,9.215767376543637,9.394910650886334,8.985773242872506,8.187265955095683,7.803516231026678,8.066998545310673,7.618952586750001,10.608790479660112,7.76514350942808,216.1556714565602,162.7571547773324,33.28522426749836,28.38678336620902,17.737588300093662,15.34512813105432,13.874238115523488,12.533007651528266,14.019441368932013,16.51793928717349,11.267596329855586,9.306390129329486,9.818850408666279,9.195755649097803,8.727104391433993,7.804742253021369,9.037871927107531,7.719352219958671,10.623098717079516,8.797679118344323,-1.7165043971090554,-2.1628599983635617,0.8950271224042481,0.9579114620626239,-0.23459703319122863,-0.4216218364921164,-0.023205942783124954,-0.017518719527272093,-0.9605240955372489,-0.4110889300110231,-0.16527685535765058,-0.2561089033300858,-0.4595482120320211,0.4566561038356107,0.19623130230080665,-0.06781809410307268,-0.3725895746915862,0.17026269534170094,0.46652524554494545,-0.1593556354953801,4.022099935716349,7.478197674035636,0.8547359873123423,2.5739465581287364,0.24919936023507416,0.7387790317568528,0.003521675084974696,-0.053460935208490934,1.149448935920657,0.48403640450183527,0.366847484770628,0.14814833007231343,0.5926393705397057,0.9829033277555919,0.48161490039018595,0.4962175587124684,0.3610163772687809,0.48334535292515657,0.20626619276315505,0.6630637851537071,0.007010316848734041,0.004658505955006048,-0.0005830604508851816,0.0007093294087374064,0.00020932358770767544,-0.00011071012783588977,0.00043393470428223536,-0.00028260555649256146,7.765322746663638e-06,-0.00025765769307278314,5.86700819083608e-05,9.716938316597344e-05,-0.00017886660292171038,1.2517092339358164e-05,-3.2125033948340284e-06,2.8754761107796362e-05,0.00015239516579742892,0.00018329881050796714,5.52526627399066e-05,0.00011816609651695856,7.043246420515283,4.044350523550658,3.4339595932433666,2.794450934813765,2.4526789336972428,2.076583270201522,1.4585829856121437,1.673082876553166,1.987351514595819,1.7489775054716925,1.4685223897029653,1.2957502053015812,1.3343836116343333,1.3613153760736951,1.2193705786408584,1.1186691451629864,1.1993823806432162,1.1095764605922969,1.2122236830988187,1.1179304417692186,27
-103.73006484598757,158.55452914372668,-39.81295788246786,49.23377642999821,-13.97951495066213,28.964136094659032,-17.25423931764416,16.56144251799457,-7.667141446040124,8.894410111927428,-4.586526046842845,4.166777616152214,-0.19182175460408132,0.3058672110850794,4.185519127365159,-1.7430971202713939,5.771027762330725,-2.4556687375743214,4.836843479083746,-6.0510318308881645,96.77247866555847,33.08157361296382,17.967929040854003,13.100316687498491,11.98493628467038,9.410679219979162,9.479532279140134,8.372988296818372,6.771402712481702,7.26817926525436,6.578980123299372,6.323785874044928,6.2086488181433594,6.568370907344949,6.2331584432907885,5.925228576298784,6.050789907546471,5.597800930668334,6.341586074258529,6.035343048751577,141.86204206914843,161.96891437772476,43.679721718073246,50.946864858122595,18.41373226707164,30.4545901809773,19.68680539503037,18.55770220947349,10.229220529844445,11.486381548208731,8.01992522665494,7.573130362223872,6.211611363613526,6.57548866072116,7.508051314735859,6.176303202732691,8.361627828291466,6.112747680715367,7.975635948210302,8.54636483743445,-3.5384768366732144,-2.6200023977991855,2.3536340397263453,-1.1344277408279697,0.5815962327332833,-0.28228353483359675,0.19494564481550558,-0.009855851734651932,-0.31567797260910263,0.12483717906769048,-0.03967286162221289,0.02434729746645072,0.10043897762150329,0.03075717243178239,0.10872438840036101,0.07844002654185159,-0.04975293954160154,0.19190725791648533,0.026377213058215165,0.0582478966641399,12.877326069776112,9.383948423345087,7.929604192186726,2.6647441508649408,1.025513666330732,0.45551064746341163,0.10147673089870546,-0.16031017407604153,-0.075897839963881,-0.12489643882891022,-0.005051136914955734,-0.16102263572371944,-0.09845973991276313,0.03761660582659054,-0.06392068800447781,0.038486308639564815,-0.140369229676637,0.03424785739013947,-0.10027939100097649,0.13261900592830855,5.965176702622798e-16,-4.673180117298775e-16,1.0330874169318375e-16,-1.1980996011410604e-16,2.6753260518672885e-17,-1.3519176095720625e-16,7.804155326671977e-17,-5.66813744616384e-17,2.162386203322439e-17,-1.969949774528667e-17,1.0642406216881274e-17,-8.950814857568639e-18,4.48643025594706e-18,-7.181420869355722e-18,-1.17836105122249e-17,3.0533827921252346e-18,-2.222405502852622e-17,7.270999493774569e-18,-1.417239034197296e-17,2.0646080635536104e-17,3.709638723605512,1.683941903251713,1.0687794875149403,1.1445979959481176,1.0458948254888103,0.9732843897962132,0.9411810468768309,0.9784878673277181,0.9728146223067902,0.9182351867517583,0.8720369225636103,0.8803257174537181,0.8678754419552578,0.8823794663357806,0.8404117355422875,0.872367302024406,0.8369187150078412,0.8491537235653434,0.8078668385551275,0.806392093284841,28
